"ref","mut","Position","Gene","Allele","Annotation","X0","X500","X1000","X1500","X2000","X2500","X3000","X3500","X4000","X4500","X5000","X5500","X6000","X6500","X7000","X7500","X8000","X8500","X9000","X9500","X10000","X10500","X11000","X11500","X12000","X12500","X13000","X13500","X14000","X14500","X15000","X15500","X16000","X16500","X17000","X17500","X18000","X18500","X19000","X19500","X20000","X20500","X21000","X21500","X22000","X22500","X23000","X23500","X24000","X24500","X25000","X25500","X26000","X26500","X27000","X27500","X28000","X28500","X29000","X29500","X30000","X30500","X31000","X31500","X32000","X32500","X33000","X33500","X34000","X34500","X35000","X35500","X36000","X36500","X37000","X37500","X38000","X38500","X39000","X39500","X40000","X40500","X41000","X41500","X42000","X42500","X43000","X43500","X44000","X44500","X45000","X45500","X46000","X46500","X47000","X47500","X48000","X48500","X49000","X49500","X50000","X50500","X51000","X51500","X52000","X52500","X53000","X53500","X54000","X54500","X55000","X55500","X56000","X56500","X57000","X57500","X58000","X58500","X59000","X59500","X60000","X60500","strand","pop","t0","fixed","transit","TsTv","dw"
"AAA","AAG",3342789,"acrE","A->G","synonymous",0,0,0,0.0192307692308,0,0,0,0,0,0,0,0,0,0,0,0,0.0222222222222,0,0,0,0.0144927536232,0,0,0,0,0,0,0,0,0,0,0,0,0,0,0,0.0102040816327,0,0,0,0,0,0,0,0,0,0,0,0,0,0,0.015625,0,0,0,0,0,0,0,0,0,0,0,0,0,0,0,0,0,0,0,0,0,0,0,0,0,0,0,0,0,0.0131578947368,0,0.0175438596491,0.0289855072464,0.0526315789474,0.0833333333333,0.126582278481,0.217821782178,0.287234042553,0.0581395348837,0,0,0,0,0,0,0,0,0.015037593985,0,0,0,0,0,0,0,0,0,0,0,0,0,0,0,0,0,NA,NA,NA,NA,NA,"forward","p1",43750,47250,3500,"Ts",-0.510729855700743
"AAC","AAT",2054924,"cpsG","G->A","synonymous",0,0,0,0,0,0,0,0,0,0,0,0,0,0.0125,0,0,0,0,0,0,0,0,0,0,0,0,0,0,0.06,0.0888888888889,0.0740740740741,0.130434782609,0,0,0,0,0,0,0,0,0,0,0,0,0,0,0,0,0,0,0,0,0,0,0,0,0,0,0,0,0,0,0,0,0,0,0,0,0,0,0,0,0,0,0,0,0,0,0,0,0,0,0,0,0,0,0,0,0,0,0,0,0,0,0,0,0,0,0,0,0,0,0,0,0,0,0,0,0,0,0,0,0,0,0,0,0,0,0,0,0,NA,"reverse","p4",13750,NA,2000,"Ts",-0.493293662529225
"AAC","AAT",2207132,"yeiL","C->T","synonymous",0,0,0,0,0,0,0,0,0,0,0,0,0,0,0,0,0,0,0,0,0,0,0,0,0,0,0,0,0,0,0,0,0,0,0,0,0,0,0,0,0,0,0,0,0,0,0,0,0,0,0,0,0,0,0,0,0,0,0,0,0,0,0,0,0,0,0,0,0,0,0,0,0,0.0208333333333,0,0,0,0,0,0,0,0,0,0,0,0,0,0,0,0,0,0,0,0,0,0,0.0350877192982,0,0,0.0322580645161,0.108108108108,0.139240506329,0.150684931507,0.03125,0.0487804878049,0,0.046875,0.0689655172414,0.0416666666667,0,0,0,0,0,NA,NA,NA,NA,NA,NA,NA,NA,"forward","p5",50750,52250,1500,"Ts",-0.493293662529225
"AAC","AAT",956277,"ycaJ","C->T","synonymous",0,0,0,0,0,0,0,0,0,0,0,0,0,0,0,0,0,0,0.0238095238095,0,0,0,0,0,0,0,0,0,0,0,0,0,0,0,0,0,0,0,0,0,0,0,0,0,0,0,0,0,0,0,0,0,0,0,0,0,0,0,0,0,0,0,0,0,0,0,0,0,0,0,0,0,0,0,0,0,0,0,0,0,0,0.015873015873,0,0,0,0,0,0,0,0,0,0,0,0,0,0,0,0,0,0,0,0,0,0,0,0,0,0,0,0.0208333333333,0,0.047619047619,0.25,0.0618556701031,0.133333333333,0.0392156862745,0.0294117647059,0.0816326530612,0.032967032967,0.0555555555556,0.0108695652174,0.0229885057471,"forward","m5",55250,59750,4500,"Ts",-0.493293662529225
"AAG","AAA",4573595,"hpaX","C->T","synonymous",0,0.0126582278481,0,0,0,0.010989010989,0,0,0,0,0,0,0,0,0,0,0,0,0,0,0,0,0,0,0,0,0,0,0,0,0,0,0,0,0,0.0196078431373,0,0,0,0,0,0,0,0,0,0,0,0,0,0,0,0,0,0,0,0,0,0,0,0,0,0,0,0,0,0,0,0,0,0,0,0,0,0,0,0.018018018018,0,0.212765957447,0.0560747663551,0,0.0705882352941,0.0119047619048,0,0,0,0,0,0,0,0,0,0,0,0.010989010989,0,0,0,0.0121951219512,0,0,0,0,0,0,0,0,0,0,0,0,0,0,0,0.00657894736842,0,0,0,NA,NA,NA,NA,NA,"reverse","p1",39750,42250,2500,"Ts",0.510729855700743
"AAT","AAC",3553995,"rhsB","T->C","synonymous",0,0,0,0,0,0,0,0,0,0,0,0,0,0,0,0,0,0,0,0,0,0,0,0,0,0,0,0,0,0,0,0,0,0,0,0,0,0,0,0,0,0,0,0,0,0,0,0,0,0,0,0,0,0,0,0,0,0,0,0,0,0,0,0,0.0333333333333,0,0.117647058824,0.15625,0.0810810810811,0,0,0,0,0,0,0,0,0,0,0,0,0,0,0,0,0,0,0,0,0,0,0,0,0,0,0,0,0,0,0,0,0,0,0,0,0,0,0,0,0,0,0,0,0,0,0,0,0,0,0,0,NA,"forward","p2",32750,34250,1500,"Ts",0.493293662529225
"AAT","AAC",2031631,"manB","A->G","synonymous",0,0,0,0,0,0,0,0,0,0,0,0,0,0,0,0,0,0,0,0,0,0,0,0,0,0,0,0,0,0,0,0,0,0.0555555555556,0,0.0454545454545,0.0263157894737,0,0.0263157894737,0.125,0.0655737704918,0.0632911392405,0,0.0172413793103,0.119047619048,0.0454545454545,0.125,0.1,0.0689655172414,0,0,0.0263157894737,0,0,0,0,0,0,0,0,0,0,0,0,0,0,0,0,0,0,0,0,0,0,0,0,0,0,0,0,0,0,0,0,0,0,0,0,0,0,0,0,0,0,0,0,0,0,0.0333333333333,0,0,0,0,0,0,0,0,0,0,0,0,0,0,0,0,0,0,NA,NA,NA,NA,NA,"reverse","p1",20750,25750,5000,"Ts",0.493293662529225
"ACC","ACT",4073812,"rhaD","G->A","synonymous",0,0,0,0,0,0,0,0,0,0,0,0,0,0,0,0,0,0,0,0,0,0.0188679245283,0.107142857143,0,0.166666666667,0,0,0,0,0,0,0,0.0142857142857,0,0,0,0,0,0,0,0,0,0.027027027027,0,0,0,0,0,0,0,0,0,0,0,0.0344827586207,0,0,0,0,0,0,0,0.0434782608696,0,0,0,0,0,0,0,0,0,0,0,0,0,0,0,0,0,0,0,0,0.0384615384615,0,0,0,0,0,0,0,0,0,0,0,0,0,0,0,0,0,0,0,0,0,0,0,0,0,0,0,0,0,0,0,0,0,0,0,0,0,NA,"reverse","m6",10750,12250,1500,"Ts",-0.243664284529343
"ACC","ACT",579212,"cusB","C->T","synonymous",0,0,0,0,0,0,0,0,0,0,0,0,0,0,0,0,0,0,0,0,0.131578947368,0,0.387096774194,0.416666666667,0.181818181818,0.222222222222,0.3125,0.222222222222,0.155555555556,0.285714285714,0.212121212121,0.307692307692,0.358974358974,0.739130434783,0.137931034483,0.46875,0,0.230769230769,0.777777777778,0.642857142857,0.37037037037,0.76,0.030303030303,0,0.282051282051,0.409090909091,0.375,0.595744680851,0.533333333333,0.428571428571,0.380952380952,0,0.142857142857,0.323529411765,0.125,0.133333333333,0.142857142857,0.0645161290323,0,0.0322580645161,0.0344827586207,0,0,0.129032258065,0.0363636363636,0.142857142857,0.137931034483,0.1,0.0769230769231,0.166666666667,0.102564102564,0.444444444444,0.432432432432,0.348837209302,0.08,0.422222222222,0.0263157894737,0.381818181818,0,0.189189189189,0.275,0.25,0.162790697674,0.210526315789,0.487804878049,0.134615384615,0.184210526316,0.264705882353,0.26,0.224137931034,0.0555555555556,0.372549019608,0.309523809524,0.214285714286,0,0.161290322581,0.0204081632653,0.0384615384615,0.181818181818,0.354838709677,0.115384615385,0.26,0.377049180328,0.277777777778,0.166666666667,0.166666666667,0.225806451613,0.0714285714286,0.272727272727,0.25,0.25,0.15625,0.229166666667,0.310344827586,NA,NA,NA,NA,NA,NA,NA,NA,"forward","p5",10750,NA,47000,"Ts",-0.243664284529343
"ACG","ACA",3323322,"yhdP","C->T","synonymous",0,0,0,0,0,0.0377358490566,0,0,0,0,0,0,0,0,0,0,0,0,0,0,0,0,0,0,0,0,0,0,0,0,0,0,0,0,0,0,0,0,0,0,0,0,0,0,0,0,0,0,0,0,0,0,0,0,0,0,0,0,0,0,0,0,0,0,0,0,0,0,0,0,0,0,0,0,0,0,0,0,0.0645161290323,0.0114942528736,0,0,0,0,0,0,0,0,0,0,0,0,0,0.0333333333333,0.0454545454545,0.121951219512,0.0588235294118,0,0.031746031746,0,0,0,0,0,0,0,0,0,0,0,0,0.013698630137,0,0,0,0,0,0,0,0,0,NA,"reverse","p2",47250,48750,1500,"Ts",-0.256447863011241
"ACG","ACA",3603219,"yhjD","G->A","synonymous",0,0,0,0,0,0,0.00552486187845,0,0.0135135135135,0.00740740740741,0,0,0,0,0,0.0155440414508,0,0,0,0.0344827586207,0,0.0178571428571,0.0666666666667,0.0238095238095,0.0909090909091,0,0,0.0115606936416,0,0,0.0294117647059,0,0.111111111111,0.0204081632653,0.0277777777778,0,0,0.0285714285714,0.0434782608696,0.013698630137,0,0,0,0,0,0,0.0298507462687,0.0285714285714,0.104166666667,0.0566037735849,0.0568181818182,0.0689655172414,0,0.0615384615385,0.153846153846,0.12676056338,0.089552238806,0.1,0.0363636363636,0.224137931034,0.0243902439024,0.333333333333,0,0.0684931506849,0.142857142857,0.305084745763,0.2,0.133333333333,0.0806451612903,0.196078431373,0.333333333333,0.0281690140845,0.142857142857,0.102564102564,0.14,0.382113821138,0.155172413793,0.266666666667,0.181818181818,0.513888888889,0.506666666667,0.125,0,0.23,0.217391304348,0.217877094972,0.0666666666667,0.182481751825,0.36,0.327868852459,0.172972972973,0.0967741935484,0.116666666667,0.051724137931,0,0.0192307692308,0,0.03125,0.025641025641,0.0416666666667,0.0175438596491,0.00877192982456,0.05,0,0.027397260274,0.0267857142857,0.0826446280992,0.0281690140845,0,0.0980392156863,0,0.0108695652174,0.025,0.00884955752212,0.0238095238095,0.0505050505051,0.0384615384615,0.0337078651685,0.0112359550562,0.0434782608696,0,0.0467289719626,"forward","m5",29250,46250,17000,"Ts",-0.256447863011241
"ACG","ACA",466564,"recR","G->A","synonymous",0,0,0,0,0,0,0,0,0,0,0,0,0.148148148148,0.0714285714286,0,0,0,0,0,0.0172413793103,0,0,0,0,0,0,0,0,0,0,0,0,0,0,0,0,0,0,0,0,0,0,0,0,0,0,0,0,0,0,0,0.0212765957447,0,0,0,0,0,0,0,0,0,0,0,0,0.0281690140845,0,0,0,0,0,0,0,0,0,0,0,0,0,0,0,0,0,0,0,0,0,0,0,0,0,0,0,0,0,0,0,0,0,0,0,0,0,0,0,0,0,0,0,0,0,0,0,0,0,0,0,0,NA,NA,NA,NA,NA,"forward","p1",6750,8250,1500,"Ts",-0.256447863011241
"ACG","ACT",3527027,"livH","C->A","synonymous",0,0,0,0,0,0.00574712643678,0,0,0,0,0,0,0,0,0,0,0,0,0,0,0,0,0,0,0,0.00595238095238,0,0,0,0,0,0,0,0,0,0,0,0,0,0.0104166666667,0,0,0,0,0,0,0,0,0,0,0.016393442623,0,0,0,0,0,0,0,0,0,0,0,0,0.0125,0.0512820512821,0.0235294117647,0,0.0104166666667,0,0.0194174757282,0.0327868852459,0.0333333333333,0.181818181818,0.07,0.0229885057471,0.0512820512821,0.0227272727273,0,0,0,0,0,0.019801980198,0,0.0126582278481,0,0,0,0,0,0,0,0,0,0,0,0,0,0,0,0,0,0,0,0,0,0.00751879699248,0.00617283950617,0,0,0,0,0.00617283950617,0,0,0,0,NA,NA,NA,NA,NA,"reverse","p1",37250,39250,2000,"Tv",0.427433470530555
"ACG","ACT",2456727,"ypeB","C->A","synonymous",0,0,0,0,0,0,0,0,0,0,0,0,0,0,0,0,0,0,0,0,0,0,0,0,0,0,0,0,0,0,0,0,0,0,0,0,0,0,0,0,0,0,0,0,0,0,0,0,0,0,0,0,0,0,0,0,0,0,0,0,0,0,0,0,0,0,0,0,0,0,0,0,0,0,0,0,0,0,0,0,0,0,0,0,0,0,0.317073170732,0.522727272727,0.641509433962,0.56,0.36,0.941176470588,0.791666666667,0.85,0.806451612903,0.947368421053,0.875,0.876712328767,0.811594202899,0.584905660377,0.644444444444,0.797101449275,0.534246575342,0.767441860465,0.77,0.894736842105,0.720930232558,0.548387096774,0.782608695652,0.733333333333,0.75,0.642857142857,0.722222222222,0.782051282051,0.674418604651,0.785714285714,0.87037037037,0.813953488372,0.762711864407,0.829268292683,0.916666666667,NA,"reverse","m6",42750,59750,17000,"Tv",0.427433470530555
"ACT","ACG",3122284,"yqiG","T->G","synonymous",0,0,0,0,0,0,0,0,0,0,0,0,0,0,0,0,0,0,0,0,0.00862068965517,0,0,0,0,0,0,0,0,0,0,0.025,0,0,0,0,0,0,0,0,0,0,0,0,0,0,0,0,0,0,0,0,0,0,0,0,0,0,0,0,0,0,0,0,0,0,0,0,0,0,0,0,0,0,0,0,0,0,0,0,0,0,0.0208333333333,0,0,0,0,0,0,0,0,0,0,0,0,0,0,0,0,0,0,0.00934579439252,0,0,0,0,0,0,0,0,0,0,0.0114503816794,0.0109289617486,0,0,0.0588235294118,0.0917431192661,0.317647058824,0.44,0.527777777778,NA,"forward","p2",58250,NA,2500,"Tv",-0.427433470530555
"AGA","AGG",3338860,"yhdG","A->G","synonymous",0,0,0,0,0,0,0,0,0,0,0,0,0,0,0,0,0,0,0,0.00588235294118,0.0103092783505,0,0,0,0,0,0.0131578947368,0.111111111111,0.0652173913043,0.0625,0.171597633136,0.0597014925373,0.105263157895,0.228260869565,0.325925925926,0.122448979592,0.274193548387,0.157894736842,0,0,0,0,0,0,0,0.00884955752212,0,0,0,0,0,0,0,0,0,0,0,0,0,0,0,0,0,0,0,0,0,0,0,0,0,0,0,0,0,0.00746268656716,0.010752688172,0,0,0,0,0,0,0,0,0,0,0,0,0,0,0,0,0,0,0,0,0,0,0,0,0,0,0,0,0,0,0.00591715976331,0,0,0,0,0,0.00578034682081,0,0,0,NA,NA,NA,NA,NA,"forward","p1",14750,20250,5500,"Ts",-0.397940008672038
"AGC","AGT",4052689,"yihV","C->T","synonymous",0.00571428571429,0.0227272727273,0,0.0113636363636,0,0.00943396226415,0,0,0,0.0434782608696,0,0,0,0,0,0,0,0,0,0,0.03125,0,0,0,0,0,0.0212765957447,0,0,0,0,0,0,0,0,0,0,0,0,0,0,0,0,0,0.0227272727273,0,0,0,0,0,0,0,0,0,0,0,0,0,0,0,0,0,0,0,0,0,0,0,0,0,0,0,0,0,0,0,0,0,0,0,0,0,0,0,0,0,0,0,0,0,0,0,0,0,0,0,0,0,0,0,0,0,0,0,0,0.0111111111111,0,0.045871559633,0.0520833333333,0.03125,0.2125,0.0810810810811,0.0666666666667,0.0754716981132,0,0.137931034483,0,NA,NA,NA,NA,NA,"forward","p1",55250,59750,4500,"Ts",-0.558903074297813
"AGC","AGT",2251393,"napA","G->A","synonymous",0,0,0,0,0,0,0.0175438596491,0.0634920634921,0,0,0,0,0,0,0,0,0.113402061856,0.0857142857143,0,0,0,0,0,0,0,0,0,0,0,0,0.0157480314961,0,0,0,0.0240963855422,0,0.00671140939597,0,0,0,0,0,0,0,0,0,0,0,0,0,0,0,0,0,0,0,0,0,0,0,0,0,0,0,0,0,0,0,0,0,0,0,0,0,0,0,0,0,0,0,0,0,0,0,0,0,0,0,0,0,0,0,0,0,0,0,0,0,0,0,0,0,0,0,0,0,0,0,0.016393442623,0.00699300699301,0,0,0,0,0,0,0,NA,NA,NA,NA,NA,"reverse","p1",9250,10250,1000,"Ts",-0.558903074297813
"AGC","AGT",2251393,"napA","G->A","synonymous",0,0,0,0,0,0,0,0,0,0,0,0,0,0,0,0,0,0,0,0,0,0.0444444444444,0.0909090909091,0.0408163265306,0.255319148936,0.575,0.66,0.772727272727,0.829545454545,0.707317073171,0.666666666667,0.591836734694,0.607142857143,0.441176470588,0.883495145631,0.704225352113,0.923076923077,0.692307692308,0.368421052632,0.588235294118,0.545454545455,0.313725490196,0.974358974359,0.4375,0.649484536082,0.661016949153,0.671232876712,0.614285714286,0.648648648649,0.652173913043,0.790322580645,0.8,0.709677419355,0.772727272727,0.76,0.892857142857,0.822580645161,0.979591836735,1,0.938775510204,0.944444444444,1,1,0.80303030303,0.894230769231,0.770833333333,0.940476190476,0.805825242718,0.933333333333,0.848101265823,0.705882352941,0.735849056604,0.672413793103,0.775510204082,0.920634920635,0.686046511628,0.893333333333,0.533333333333,0.959595959596,0.945454545455,0.756756756757,0.645161290323,0.884210526316,0.769230769231,0.481481481481,0.840425531915,0.824175824176,0.608695652174,0.644230769231,0.5875,0.919117647059,0.8046875,0.813186813187,0.857142857143,1,0.695652173913,0.943181818182,0.731707317073,0.833333333333,0.811594202899,0.7875,0.516483516484,0.75,0.720930232558,0.914893617021,0.785714285714,0.56,0.89552238806,0.612903225806,0.738461538462,0.612903225806,0.791666666667,0.552631578947,0.485294117647,NA,NA,NA,NA,NA,NA,NA,NA,"reverse","p5",11250,NA,46500,"Ts",-0.558903074297813
"AGT","AGC",795520,"ECB_00737","A->G","synonymous",0,0,0,0,0,0,0.113725490196,0.00980392156863,0.0975609756098,0.0987654320988,0.136363636364,0,0.0612244897959,0,0,0,0,0,0,0,0,0,0,0,0,0,0,0,0,0,0,0,0,0,0,0,0,0,0,0,0,0,0,0,0,0,0,0,0,0,0,0,0,0,0,0,0,0,0,0,0,0,0,0.00429184549356,0,0,0,0,0,0,0,0,0,0,0,0,0,0,0,0,0,0,0,0,0,0,0,0,0,0,0,0,0,0,0,0,0,0,0.0149253731343,0,0,0,0,0,0,0,0,0,0,0,0,0,0,0,0,0,0,0,0,0,0,0,"reverse","m5",2750,6250,3500,"Ts",0.558903074297813
"ATT","ATA",2341957,"nuoG","A->T","synonymous",0,0,0,0,0,0.00763358778626,0,0,0,0,0,0,0,0,0,0.0909090909091,0,0,0,0,0,0,0,0,0,0,0,0,0,0,0,0,0,0,0,0,0,0,0,0,0,0,0,0,0,0,0,0,0,0,0,0,0,0,0,0,0,0,0,0,0,0,0,0.0121951219512,0,0,0.010101010101,0.0898876404494,0.0612244897959,0.0857142857143,0.0131578947368,0.111111111111,0.0769230769231,0,0,0,0,0,0,0,0,0,0,0,0,0,0,0,0,0,0,0,0,0,0,0,0,0,0,0,0,0,0,0,0,0,0,0,0,0,0.013698630137,0,0,0,0,0,0,NA,NA,NA,NA,NA,"reverse","p1",34750,37750,3000,"Tv",-1.55457568146678
"ATT","ATA",3107610,"ygiN","T->A","synonymous",0,0,0,0,0,0,0,0,0,0,0,0,0,0,0.05,0.385964912281,0.294117647059,0.169811320755,0.121951219512,0.322580645161,0.355263157895,0.828571428571,0.75,0.891304347826,0.777777777778,0.875,0.878787878788,0.764102564103,0.777777777778,1,0.982142857143,0.957446808511,0.85,0.967213114754,0.977272727273,0.938271604938,0.9375,0.975,0.727272727273,0.914634146341,0.971428571429,0.914285714286,0.845637583893,0.957446808511,1,0.970588235294,1,0.941860465116,0.807692307692,0.928571428571,0.918367346939,0.972972972973,0.933333333333,0.9625,0.916666666667,0.966292134831,0.8,0.888888888889,0.960784313725,0.952380952381,0.944444444444,0.818181818182,0.95,0.945812807882,1,0.877192982456,0.818181818182,0.862745098039,0.851351351351,0.9,0.75,0.855670103093,0.948275862069,0.890909090909,0.867469879518,0.710659898477,0.719101123596,0.755102040816,0.805555555556,0.388888888889,0.387755102041,0.716417910448,0.909090909091,0.761467889908,0.75,0.728723404255,0.938461538462,0.772222222222,0.586206896552,0.738636363636,0.817391304348,0.955882352941,0.9375,0.941860465116,0.95652173913,1,1,0.92,0.855263157895,0.974683544304,0.973333333333,0.993788819876,0.982142857143,1,0.971428571429,0.934782608696,0.846153846154,0.976744186047,0.978260869565,0.978723404255,1,1,1,0.968152866242,0.944444444444,0.961325966851,0.868421052632,0.961038961039,1,0.976047904192,0.949275362319,0.94512195122,"forward","m5",6750,45250,38500,"Tv",-1.55457568146678
"ATT","ATC",3867433,"phoU","A->G","synonymous",0,0,0,0,0,0,0,0,0,0,0,0,0,0,0,0.00416666666667,0.0555555555556,0,0.012987012987,0.105263157895,0.0357142857143,0,0,0.109375,0.016,0.0344827586207,0,0.0161943319838,0.0192307692308,0.0196078431373,0.0357142857143,0,0.0789473684211,0.0350877192982,0,0,0,0,0,0.0761904761905,0,0,0.00531914893617,0.0178571428571,0.03125,0,0.0574712643678,0.039603960396,0.0845070422535,0.116279069767,0.130841121495,0.0533333333333,0.041958041958,0.0149253731343,0.208333333333,0.0612244897959,0.0757575757576,0.0582524271845,0.0897435897436,0.117647058824,0.020618556701,0.142857142857,0.0588235294118,0.0933333333333,0,0.108108108108,0.454545454545,0.117647058824,0.162162162162,0.0632911392405,0.215189873418,0.116666666667,0.0886075949367,0.138461538462,0.140625,0.321739130435,0.217391304348,0.228070175439,0.1625,0.488095238095,0.41935483871,0.25,0.181818181818,0.0824742268041,0.35,0.231092436975,0.112903225806,0.279569892473,0.423728813559,0.239024390244,0.217213114754,0.0555555555556,0.125,0.0740740740741,0,0.0625,0.0227272727273,0.0550458715596,0.134146341463,0.0755813953488,0.0183486238532,0.0054347826087,0,0,0,0.0443037974684,0.0583941605839,0.0336134453782,0.0172413793103,0,0,0.034965034965,0.051724137931,0.0316455696203,0.0843373493976,0.021978021978,0.075,0.0463917525773,0.00746268656716,0.0397727272727,0.00740740740741,0.062015503876,"reverse","m5",32250,46250,14000,"Ts",0.247709248633582
"ATT","ATC",212865,"ldcC","T->C","synonymous",0,0,0,0,0,0,0,0,0,0,0,0,0,0,0,0,0.0625,0.0952380952381,0.9,0.619047619048,0.690476190476,0.9375,0.661764705882,0.447368421053,0.8,0.77358490566,0.833333333333,0.846153846154,0.866666666667,0.615384615385,0.703703703704,0.625,0.681818181818,0.301886792453,0.889908256881,0.694444444444,0.978723404255,0.666666666667,0.324324324324,0.473684210526,0.7,0.34328358209,0.925925925926,0.454545454545,0.706666666667,0.714285714286,0.555555555556,0.576086956522,0.461538461538,0.5,0.727272727273,0.666666666667,0.818181818182,0.823529411765,0.842105263158,0.657894736842,0.91935483871,0.978260869565,0.984126984127,0.941176470588,0.91935483871,0.933333333333,0.982142857143,0.857142857143,0.898876404494,0.712121212121,0.940476190476,0.851239669421,0.958333333333,0.839285714286,0.865671641791,0.627450980392,0.666666666667,0.701492537313,0.924050632911,0.621621621622,0.808080808081,0.583333333333,0.938596491228,0.86,0.852459016393,0.626666666667,0.93,0.762295081967,0.467289719626,0.908163265306,0.833333333333,0.612903225806,0.690476190476,0.645454545455,0.911290322581,0.805084745763,0.675324675325,0.7,1,0.780487804878,0.943396226415,0.529411764706,0.793103448276,0.816666666667,0.752808988764,0.660377358491,0.78102189781,0.595744680851,0.907692307692,0.756097560976,0.716216216216,0.926470588235,0.558823529412,0.661290322581,0.488372093023,0.777777777778,0.647058823529,0.435294117647,NA,NA,NA,NA,NA,NA,NA,NA,"forward","p5",8750,NA,49000,"Ts",0.247709248633582
"CAC","CAT",3686214,"yiaT","G->A","synonymous",0,0,0,0,0,0,0,0,0,0,0,0,0,0,0,0,0,0,0,0,0,0.013698630137,0,0,0,0,0,0,0,0,0,0,0,0,0,0,0,0,0,0,0,0,0,0,0,0,0,0,0,0,0,0,0,0,0,0,0,0,0,0,0,0,0,0.00621118012422,0,0,0.2,0,0,0,0,0,0,0,0,0,0,0,0,0,0,0,0,0,0,0,0,0.00970873786408,0,0,0,0,0,0,0,0,0,0,0,0,0,0,0,0,0,0,0,0,0,0,0.0581395348837,0.298850574713,0.301886792453,0.337209302326,0.609195402299,0.807339449541,0.837837837838,0.894736842105,0.855670103093,0.930769230769,0.88679245283,0.866666666667,"reverse","m5",54750,NA,6000,"Ts",-0.159700842867512
"CAC","CAT",4575044,"hpaI","G->A","synonymous",0,0,0,0,0,0,0,0,0,0,0,0,0,0,0,0,0,0.03125,0,0,0.0769230769231,0.0298507462687,0.0566037735849,0.025,0.164556962025,0.15625,0.0740740740741,0.151898734177,0.119402985075,0.129032258065,0,0,0.142857142857,0.0392156862745,0.0166666666667,0.0340909090909,0.08,0,0.368421052632,0.0819672131148,0.1,0.225806451613,0.126050420168,0,0,0,0,0,0,0,0,0,0.0138888888889,0,0,0,0,0,0,0,0,0,0,0,0,0,0,0,0,0,0,0,0,0,0,0,0,0,0,0,0,0,0,0,0,0,0,0,0,0,0,0,0,0,0,0,0,0,0,0,0,0,0,0,0,0,0,0,0,0,0,0.020618556701,0,0.0161290322581,0,0,0,0,0,0,0,0,"reverse","m5",9750,21250,11500,"Ts",-0.159700842867512
"CAC","CAT",132062,"lpdA","C->T","synonymous",0,0,0,0.0240963855422,0,0,0,0,0,0,0,0,0,0,0,0,0,0,0,0,0,0,0,0,0,0,0,0,0,0,0,0,0,0,0,0,0,0,0,0,0,0,0,0,0,0,0,0,0,0,0,0.0408163265306,0,0,0,0,0,0,0,0,0,0,0,0,0,0.02,0.140845070423,0.08,0.115384615385,0.0491803278689,0.025,0,0.05,0.139534883721,0.152173913043,0.184615384615,0,0.105263157895,0,0,0,0,0,0,0,0,0,0,0,0,0,0,0,0,0,0,0,0,0,0,0,0,0,0,0,0,0,0,0,0,0,0,0,0,0,0,0,NA,NA,NA,NA,NA,"forward","p1",34250,40750,6500,"Ts",-0.159700842867512
"CAC","CAT",3216597,"agaA","C->T","synonymous",0.00507614213198,0,0,0,0.0161290322581,0,0,0,0,0,0,0,0,0,0,0,0,0,0.00826446280992,0,0,0,0,0,0,0,0,0,0,0,0,0,0,0,0,0,0,0,0,0,0,0,0,0,0,0,0,0,0,0,0,0,0,0,0.0235294117647,0,0,0,0,0,0,0,0,0,0,0,0,0,0,0,0,0,0,0,0,0,0,0,0,0,0,0.0192307692308,0,0,0,0,0,0,0,0,0,0,0,0,0,0,0,0,0,0,0,0,0,0,0.0510204081633,0.0549450549451,0.0819672131148,0.122580645161,0.0796460176991,0.0701754385965,0.105263157895,0.0493827160494,0.0740740740741,0.0958904109589,0,0.0909090909091,0.1,NA,NA,NA,NA,NA,"forward","p1",53750,NA,6500,"Ts",-0.159700842867512
"CCA","CCG",4459658,"yjgL","A->G","synonymous",0,0,0,0,0,0,0,0,0,0,0,0,0.0238095238095,0,0,0,0,0,0,0,0,0,0,0.03125,0,0,0,0,0,0,0,0,0,0,0,0,0,0,0.0128205128205,0,0,0,0,0,0,0,0,0,0,0,0,0,0,0,0.0337078651685,0,0,0,0,0,0,0,0,0,0,0,0,0,0.0227272727273,0.0932203389831,0.0615384615385,0.2,0.303571428571,0.204301075269,0.3,0.221052631579,0.225806451613,0.05,0.0384615384615,0.0833333333333,0.147368421053,0.0740740740741,0.104761904762,0.0178571428571,0.0641025641026,0.0833333333333,0.285714285714,0.232876712329,0.0113636363636,0.297619047619,0.72602739726,0.930555555556,0.871794871795,0.614285714286,0.760416666667,0.934426229508,0.976744186047,0.878787878788,1,0.957983193277,0.993827160494,1,1,1,0.993939393939,1,0.990291262136,1,1,1,1,0.945945945946,1,1,0,1,1,NA,NA,NA,NA,NA,"forward","p1",35750,50750,15000,"Ts",0.605831023547306
"CCA","CCT",1410391,"intR","T->A","synonymous",0,0,0,0,0,0,0,0,0,0,0,0,0,0,0,0,0.0181818181818,0,0,0,0,0,0,0,0,0,0,0,0,0,0,0,0,0,0,0,0,0,0,0,0,0,0,0,0,0,0,0,0,0,0,0,0.00917431192661,0,0,0,0,0,0,0,0,0,0,0,0,0,0,0,0,0,0,0,0,0,0,0,0,0,0,0,0,0,0,0,0,0,0,0,0,0,0,0,0,0,0,0,0,0,0,0,0,0,0,0,0,0,0,0.0776699029126,0.663865546218,0.882352941176,0.87962962963,0.974137931034,1,1,0.992424242424,1,1,1,0.992753623188,1,1,NA,"reverse","p4",53250,55250,2000,"Tv",-0.101989538537331
"CCG","CCA",1882815,"manZ","G->A","synonymous",0,0,0,0,0,0,0,0,0,0,0,0,0,0,0,0,0.0181818181818,0.016393442623,0,0,0,0,0,0,0,0.0128205128205,0,0,0,0,0,0,0,0,0,0,0,0,0,0,0,0.0246913580247,0,0.0222222222222,0,0,0,0,0,0,0,0,0,0.149253731343,0.319587628866,0.297619047619,0.666666666667,0.64406779661,0.753424657534,0.8125,0.628865979381,0.417721518987,0.25,0.102272727273,0.1375,0.0806451612903,0.162162162162,0.0869565217391,0.0792079207921,0.0657894736842,0,0,0,0,0,0,0,0,0,0,0,0,0,0,0,0,0,0,0,0,0,0,0.0666666666667,0,0,0,0,0,0,0,0,0,0,0,0,0,0,0,0.0121951219512,0,0,0,0,0,0.00819672131148,0,0,0,0,0,0,NA,"forward","p4",26250,34750,8500,"Ts",-0.605831023547306
"CCG","CCA",3511785,"yhhX","C->T","synonymous",0,0,0,0,0,0,0,0,0,0,0,0,0,0,0,0,0,0,0,0,0,0,0,0,0,0,0,0,0,0,0,0,0,0,0,0,0.015625,0,0,0,0,0,0,0,0,0,0,0,0,0,0,0,0,0,0,0,0,0,0,0,0,0,0,0,0,0,0,0,0,0,0,0,0,0,0,0,0,0.166666666667,0.0980392156863,0.138888888889,0,0.0285714285714,0,0,0,0,0,0,0,0,0,0,0,0,0,0,0,0,0,0,0,0,0,0,0,0,0,0,0,0,0,0,0,0,0,0,0,0,0,0,0,NA,"reverse","m6",38250,39750,1500,"Ts",-0.605831023547306
"CCG","CCT",431011,"lon","G->T","synonymous",0,0,0,0,0,0,0,0,0,0,0,0,0,0,0,0,0,0,0,0,0,0,0,0,0,0,0,0,0,0,0,0,0,0.0161290322581,0,0,0,0,0.0147058823529,0,0,0,0,0,0,0,0.016393442623,0,0,0,0,0,0,0.0166666666667,0,0.277108433735,0.195402298851,0.0757575757576,0.0392156862745,0.037037037037,0,0,0,0,0,0,0,0,0,0,0,0,0,0,0,0,0,0,0,0,0,0,0.00917431192661,0,0.0140845070423,0,0,0,0,0,0,0,0,0,0.00934579439252,0,0,0,0,0,0,0,0,0,0,0.00869565217391,0,0,0,0,0,0,0,0.00884955752212,0,0,0,NA,NA,NA,NA,NA,"forward","p1",28750,31250,2500,"Tv",-0.707820562084637
"CCG","CCT",1792556,"katE","G->T","synonymous",0,0,0,0,0,0,0,0,0,0,0,0,0,0,0,0,0,0,0,0,0,0,0,0,0,0,0,0,0,0,0,0,0,0,0,0,0,0,0,0,0,0,0,0,0,0,0,0,0,0,0,0,0,0,0,0,0,0,0,0,0.0588235294118,0.1,0.2,0.184397163121,0.310344827586,0.0888888888889,0,0.027027027027,0,0,0,0.166666666667,0.0958904109589,0,0,0,0,0,0,0,0,0,0,0,0,0,0,0,0,0,0.005,0,0,0,0,0,0,0,0,0,0,0,0,0,0,0,0,0,0,0,0,0,0,0,0,0,0,0.00757575757576,0,0,0,0,"forward","m5",29750,36250,6500,"Tv",-0.707820562084637
"CCG","CCT",431011,"lon","G->T","synonymous",0,0,0,0,0,0,0,0,0,0,0,0,0,0,0,0,0,0,0,0,0,0,0,0,0,0,0,0,0,0,0,0,0,0,0,0,0,0,0,0,0,0,0,0,0,0,0,0,0,0,0,0,0,0,0,0,0,0,0,0,0,0,0,0,0,0,0,0,0,0,0,0,0,0.0222222222222,0,0,0,0,0,0,0,0,0,0,0,0,0,0,0,0,0,0.00990099009901,0,0,0,0,0,0,0,0,0.00961538461538,0.0361445783133,0.021978021978,0.0454545454545,0.046875,0.104166666667,0.25,0.0641025641026,0.157894736842,0.0975609756098,0.285714285714,0.159090909091,0.132352941176,0.292134831461,NA,NA,NA,NA,NA,NA,NA,NA,"forward","p5",51250,NA,6500,"Tv",-0.707820562084637
"CGC","CGA",2087738,"yegM","C->A","synonymous",0.0192307692308,0,0,0,0.09375,0.878048780488,1,1,0.975,1,1,0.833333333333,0,0.883333333333,1,1,1,1,0,1,1,1,1,0,1,1,1,1,1,1,1,1,1,1,1,1,1,1,1,1,1,1,1,1,1,1,1,1,1,1,1,1,1,1,1,1,1,1,1,1,1,1,1,1,1,1,1,1,1,1,1,1,1,1,1,1,1,1,1,1,1,1,1,1,1,1,1,1,1,1,1,1,1,1,1,1,1,1,1,1,1,1,1,0.987179487179,1,1,1,1,1,1,1,1,1,0.983870967742,1,1,0.985507246377,1,1,1,1,NA,"forward","m6",2250,6750,4500,"Tv",-1.35828103632281
"CGC","CGA",430993,"lon","C->A","synonymous",0,0,0,0,0,0,0,0,0,0,0,0,0,0,0,0,0,0,0,0,0,0,0,0,0,0,0,0,0,0,0,0,0,0,0,0,0.010752688172,0,0,0,0,0,0,0,0,0,0,0.0294117647059,0,0,0,0.015873015873,0,0,0,0,0,0,0.0178571428571,0,0,0,0,0,0,0,0.00909090909091,0,0,0,0,0,0,0,0.0140845070423,0,0,0,0.240963855422,0.297297297297,0.244897959184,0.106382978723,0.75,0.75,0.25641025641,0.0394736842105,0.0178571428571,0.0103092783505,0.021978021978,0.02,0,0.14606741573,0.170212765957,0.454545454545,0.218181818182,0.0161290322581,0.0357142857143,0.0666666666667,0.129032258065,0.0277777777778,0.00649350649351,0,0,0,0,0,0.0168067226891,0,0,0,0,0,0,0,0,0,0,NA,NA,NA,NA,NA,"forward","p1",40250,51750,11500,"Tv",-1.35828103632281
"CGC","CGT",508508,"hyi","C->T","synonymous",0,0,0,0,0,0,0,0,0,0,0,0,0,0,0,0,0,0,0,0,0,0,0,0,0,0,0,0,0,0,0,0,0,0,0,0,0,0,0,0.04,0,0,0,0,0,0,0,0,0,0,0,0,0,0,0,0,0,0,0,0,0,0,0,0,0.1,0,0.2,0.089552238806,0.0882352941176,0,0,0,0,0,0,0,0,0,0,0,0,0,0,0,0,0,0,0,0,0,0,0,0,0,0,0,0,0,0,0,0,0,0,0,0,0,0,0,0,0,0,0,0,0,0,0,0,0,0,0.0125,0,NA,"forward","p2",31750,34250,2500,"Ts",0.217326619639861
"CGC","CGT",4133104,"ppc","G->A","synonymous",0,0,0,0,0,0,0,0,0,0,0,0,0,0,0,0,0.0185185185185,0,0,0,0,0,0,0,0,0,0,0,0,0,0,0,0.00819672131148,0,0,0,0,0,0.3,0.653465346535,0.512195121951,0.686131386861,0.9,0.919117647059,0.932203389831,0.848484848485,0.918918918919,0.838709677419,0.958333333333,0.943396226415,0.958333333333,1,0.942307692308,0.983050847458,0.98,0.969387755102,1,1,0.982456140351,0.991228070175,0.99,0.977528089888,1,1,1,1,1,1,0.988888888889,0.992307692308,1,0.985294117647,1,0.978260869565,1,0.982608695652,1,1,1,1,1,0.99,1,1,1,1,1,1,1,1,1,1,1,0.990384615385,1,1,0.986666666667,1,0.982142857143,1,0.993506493506,1,1,1,1,0.990099009901,1,1,0.987804878049,1,1,1,0.994505494505,0.992907801418,0,1,1,NA,NA,NA,NA,NA,"reverse","p1",20250,25250,5000,"Ts",0.217326619639861
"CGC","CGT",3999710,"ubiB","C->T","synonymous",0,0,0,0,0,0,0,0,0,0,0,0,0,0,0,0,0,0,0,0,0,0,0,0,0,0,0,0,0,0,0.0140845070423,0.0684931506849,0.228571428571,0.140625,0.32,0.235294117647,0.154761904762,0,0.228070175439,0.116666666667,0.242718446602,0.253333333333,0.113636363636,0.0769230769231,0.147058823529,0.264705882353,0.116279069767,0.177777777778,0.1875,0,0,0.0217391304348,0,0,0,0,0,0,0,0,0,0,0,0,0,0.0243902439024,0,0,0,0,0,0,0,0,0,0,0,0,0,0,0,0,0,0,0,0,0,0,0,0,0,0,0,0,0,0,0,0,0,0,0,0,0,0,0,0,0,0,0,0,0,0,0,0,0,0,0,NA,NA,NA,NA,NA,"forward","p1",16750,25750,9000,"Ts",0.217326619639861
"CGC","CGT",210997,"dnaE","C->T","synonymous",0,0,0,0,0,0,0,0,0,0,0,0,0,0,0,0,0,0,0,0,0,0,0,0,0,0,0,0,0.0120481927711,0,0,0,0,0,0,0,0,0,0.0526315789474,0,0,0,0,0,0,0,0,0,0,0,0,0,0,0,0,0,0,0,0,0,0.063829787234,0,0.166666666667,0.226130653266,0.24,0.20253164557,0,0,0.0380952380952,0,0,0.204545454545,0.145833333333,0.0238095238095,0,0.0049504950495,0,0,0,0,0,0,0,0,0,0,0,0,0,0,0,0,0,0,0,0,0,0,0,0,0,0,0,0,0,0,0,0,0,0,0,0,0,0,0,0,0,0,0,0,0,0,"forward","m5",29750,36250,6500,"Ts",0.217326619639861
"CGG","CGT",1754595,"ydiO","G->T","synonymous",0,0,0,0,0,0,0,0,0,0,0,0,0,0,0,0,0,0,0.0454545454545,0,0,0,0,0,0,0,0,0,0,0,0,0,0,0,0,0,0,0,0,0,0,0,0,0,0,0,0,0,0,0,0,0,0,0,0,0,0,0,0,0,0,0,0,0.142857142857,0,0.145454545455,0.148148148148,0.101449275362,0,0,0,0,0.0625,0,0,0,0.0666666666667,0,0.0363636363636,0,0,0,0,0,0,0,0,0,0,0,0.0166666666667,0,0,0,0,0,0,0,0,0,0,0,0,0,0,0,0,0,0,0,0,0,0,0,NA,NA,NA,NA,NA,NA,NA,NA,"forward","p5",32250,34750,2500,"Tv",1.50305698881406
"CGT","CGA",2080661,"alkA","A->T","synonymous",0,0,0,0,0,0,0,0,0,0,0,0,0,0,0,0,0,0,0,0,0,0,0,0,0,0,0,0,0,0,0,0,0,0,0,0,0,0,0,0,0,0,0,0,0,0,0,0,0,0,0,0,0,0,0,0,0,0,0,0,0,0,0,0,0,0,0,0,0,0,0,0,0,0,0,0,0,0,0,0,0,0,0,0,0,0,0,0,0,0,0,0,0,0,0,0,0,0,0,0,0.025641025641,0.0161290322581,0.0454545454545,0,0.166666666667,0,0.28125,0.16,0.176470588235,0.08,0,0,0,0,0,0,0,0,0,0,0,NA,"reverse","p2",52250,55250,3000,"Tv",-1.57560765596267
"CGT","CGA",122591,"ampE","T->A","synonymous",0,0,0,0,0,0,0,0,0,0,0,0,0,0,0,0,0,0,0,0,0,0,0,0,0,0,0,0,0,0,0,0.0243902439024,0,0,0,0,0,0,0,0,0,0,0,0,0,0,0,0,0,0,0,0,0,0,0,0,0,0,0,0,0,0,0,0,0,0,0,0,0,0.0153846153846,0.275362318841,0.271186440678,0.318181818182,0.172043010753,0.319444444444,0.435294117647,0.813953488372,0.64,0.976923076923,0.792207792208,0.688524590164,0.620253164557,0.843373493976,0.753086419753,0.467889908257,0.839622641509,0.771428571429,0.578947368421,0.614583333333,0.704081632653,0.8984375,0.733944954128,0.698924731183,0.717948717949,0.990196078431,0.81914893617,0.823529411765,0.666666666667,0.783333333333,0.463768115942,0.823008849558,0.548387096774,0.669491525424,0.483870967742,0.917808219178,0.301369863014,0.574257425743,0.847058823529,0.678571428571,0.757575757576,0.483333333333,0.372881355932,0.591836734694,0.414634146341,NA,NA,NA,NA,NA,NA,NA,NA,"forward","p5",35750,NA,22000,"Tv",-1.57560765596267
"CGT","CGG",3007398,"ECB_02804","A->C","synonymous",0,0,0,0,0,0,0,0.0120481927711,0,0,0,0,0,0,0.00877192982456,0,0,0.0153846153846,0,0,0,0.00636942675159,0,0,0,0,0,0.00869565217391,0,0,0,0,0,0,0,0,0,0,0,0,0,0.00934579439252,0,0,0,0,0,0,0.0113636363636,0,0.0224719101124,0.112903225806,0.0598290598291,0.0655737704918,0,0,0,0,0,0,0,0,0,0,0,0,0,0,0,0,0,0,0,0,0,0,0,0,0,0,0,0,0,0,0,0,0,0,0,0,0,0,0,0,0,0,0,0,0,0,0,0,0,0,0,0,0,0,0,0,0,0,0,0,0,0,0,0,0,0,0,NA,"reverse","p4",24750,26750,2000,"Tv",-1.50305698881406
"CTG","CTA",4478258,"idnK","G->A","synonymous",0,0,0,0,0,0,0,0,0,0,0,0,0,0,0,0,0,0,0,0,0,0,0,0,0,0,0,0,0,0,0,0,0,0,0,0,0,0,0,0,0,0,0,0,0,0,0,0.0229885057471,0.03125,0.0625,0.150943396226,0,0.0344827586207,0,0,0,0,0,0,0,0,0,0,0,0,0,0.0235294117647,0,0,0,0,0,0,0,0,0,0.0102040816327,0,0,0,0,0,0,0,0,0,0,0,0,0,0,0.00909090909091,0.0106382978723,0,0,0,0,0,0,0,0,0,0,0,0,0,0.00854700854701,0,0,0,0,0,0,0,NA,NA,NA,NA,NA,NA,NA,NA,"forward","p5",25250,26250,1000,"Ts",-1.93701610746481
"CTG","CTA",4313663,"yjdB","C->T","synonymous",0,0,0,0.0178571428571,0,0,0,0,0,0,0,0,0,0,0,0,0,0,0,0,0.00826446280992,0,0,0.016393442623,0,0,0,0,0,0,0,0,0,0,0.0117647058824,0.00680272108844,0,0,0,0,0,0,0,0,0,0,0,0,0,0,0,0,0,0,0,0,0,0,0,0,0.0752688172043,0.206896551724,0.111111111111,0.0449438202247,0.0853658536585,0.121951219512,0.178947368421,0.10752688172,0.095652173913,0.123711340206,0.147058823529,0.112903225806,0.173913043478,0.107142857143,0.0724637681159,0.0943396226415,0.0416666666667,0.0862068965517,0.111111111111,0.0281690140845,0.0140845070423,0,0,0,0,0,0,0,0,0,0,0,0,0,0,0,0.0188679245283,0,0,0,0,0,0.00961538461538,0,0,0,0,0,0,0,0,0,0,0,0,0,0,0,0,0,0,NA,"reverse","p4",29750,39750,10000,"Ts",-1.93701610746481
"CTG","CTA",3482212,"malT","G->A","synonymous",0,0,0,0,0,0.025641025641,0,0,0,0,0,0,0,0,0,0,0,0,0,0,0,0,0,0,0,0,0.0153846153846,0,0,0,0,0,0,0,0,0,0,0,0,0,0,0,0,0,0,0,0,0,0,0.0238095238095,0,0.0227272727273,0.125,0.046511627907,0.0222222222222,0,0.142857142857,0.0555555555556,0,0,0.153846153846,0.105263157895,0.153846153846,0.0408163265306,0.325,0.2,0.340425531915,0.0795454545455,0.269230769231,0.388888888889,0.714285714286,0.571428571429,0.5,0.848484848485,0.631578947368,0.52,0.47619047619,0.666666666667,0.625,0.515151515152,0.0975609756098,0.263157894737,0.391304347826,0.5,0.54347826087,0.384615384615,0.421052631579,0.454545454545,0.465753424658,0.4,0.576923076923,0.310344827586,0.166666666667,0.285714285714,0.30303030303,0.0952380952381,0.0769230769231,0.291139240506,0.213114754098,0.31884057971,0.156862745098,0.301369863014,0.4,0.25641025641,0.261261261261,0.127659574468,0.333333333333,0.333333333333,0.103448275862,0.205128205128,0.347826086957,0.206896551724,0.294117647059,0.191176470588,0.347826086957,0.271604938272,0.144736842105,0.196428571429,0.327868852459,0.19512195122,0.127272727273,NA,"forward","m6",29750,NA,30500,"Ts",-1.93701610746481
"CTG","CTA",2298777,"glpT","C->T","synonymous",0,0,0,0,0,0,0,0,0,0,0,0,0,0,0,0,0,0,0,0,0,0,0,0,0,0,0,0,0,0,0,0,0,0,0,0,0,0,0,0.0416666666667,0.04,0,0,0,0,0.015873015873,0.0338983050847,0.0547945205479,0,0.14,0.106666666667,0.0245098039216,0.0576923076923,0,0.0952380952381,0.0945945945946,0.102564102564,0.14606741573,0.0350877192982,0.170212765957,0.0909090909091,0.25,0,0.0634920634921,0.0714285714286,0.186046511628,0.416666666667,0.0967741935484,0.0864197530864,0.0740740740741,0.170212765957,0.125,0.142857142857,0.118644067797,0.148936170213,0.31875,0.381818181818,0.189655172414,0.142857142857,0.362068965517,0.518072289157,0.272727272727,0.111111111111,0.211267605634,0.333333333333,0.282296650718,0.0769230769231,0.244755244755,0.692307692308,0.27807486631,0.170506912442,0.0757575757576,0.154545454545,0.0833333333333,0.125,0.046511627907,0,0.0735294117647,0.0754716981132,0.0238095238095,0,0.00917431192661,0,0,0.046511627907,0.0208333333333,0.112359550562,0.03,0.0985915492958,0.0106382978723,0,0.00900900900901,0,0,0.0545454545455,0.0496453900709,0.145454545455,0.09,0.0103092783505,0.0659340659341,0.0188679245283,0.0655737704918,"reverse","m5",27250,46250,19000,"Ts",-1.93701610746481
"CTG","CTA",4263821,"actP","C->T","synonymous",0,0,0,0,0,0,0,0,0,0,0,0,0,0,0,0,0,0,0,0,0,0,0,0,0,0,0,0,0,0,0.00793650793651,0,0,0,0,0,0,0,0,0,0,0,0.00735294117647,0,0,0,0,0,0,0,0,0,0,0,0.00847457627119,0,0,0,0,0,0,0,0,0.0105263157895,0,0,0,0.00833333333333,0.203883495146,0.16393442623,0.020202020202,0,0,0,0,0.0185185185185,0,0,0,0,0.0113636363636,0,0,0,0,0,0,0,0,0,0,0,0.0105263157895,0,0,0,0,0,0,0,0,0,0,0,0,0,0,0,0.00460829493088,0,0,0,0,0,0,0,0,NA,NA,NA,NA,NA,"reverse","p1",35250,36250,1000,"Ts",-1.93701610746481
"CTG","CTA",490406,"ybbN","C->T","synonymous",0,0,0,0.00869565217391,0,0,0,0,0,0,0,0,0,0,0,0,0,0.0298507462687,0,0,0.0192307692308,0,0,0,0.010752688172,0.00869565217391,0,0,0.03,0.03125,0,0.0240963855422,0.118421052632,0.138461538462,0.0405405405405,0.0222222222222,0.0409836065574,0,0,0,0,0,0,0,0,0,0,0,0,0,0,0,0,0,0,0,0,0,0,0,0,0.0142857142857,0,0,0,0,0.00980392156863,0,0,0,0,0,0,0,0.010989010989,0,0,0,0,0,0,0,0,0,0,0,0,0,0,0,0,0,0,0,0,0,0,0,0,0.00724637681159,0,0,0,0,0,0,0,0,0,0,0,0,0,0,0,0,0,NA,NA,NA,NA,NA,"reverse","p1",17250,19750,2500,"Ts",-1.93701610746481
"CTG","CTA",2095621,"yegB","G->A","synonymous",0,0,0,0,0,0,0,0,0,0,0,0,0,0,0,0,0,0,0,0,0,0,0,0,0,0,0,0,0,0,0,0,0,0,0,0,0,0,0,0,0,0,0,0,0,0,0,0,0,0,0,0,0,0,0,0,0,0,0.235294117647,0.692307692308,0.52,0.615384615385,0.894736842105,0.590163934426,0.777777777778,0.818181818182,0.660714285714,0.861538461538,0.780487804878,0.5,0,0.5,0.421052631579,0.305555555556,0.388888888889,0.40625,0.461538461538,0.387096774194,0.40350877193,0.48275862069,0.857142857143,0.5,0.708333333333,0.491803278689,0.47619047619,0.608695652174,0.64,0.5,0.560606060606,0.366666666667,0.368421052632,0.814814814815,0.735294117647,0.676470588235,0.589743589744,0.757575757576,0.818181818182,0.727272727273,0.711538461538,0.553571428571,0.754716981132,0.731707317073,0.6,0.737373737374,0.717948717949,0.891891891892,0.74,0.642857142857,0.846153846154,0.739130434783,0.58064516129,0.583333333333,0.581818181818,0.718446601942,0.56862745098,0.7,0.887323943662,0.84375,0.6,0.769230769231,1,NA,"forward","m6",28750,59750,31000,"Ts",-1.93701610746481
"CTG","CTA",1930287,"yecE","G->A","synonymous",0.0178571428571,0,0,0,0,0,0,0,0,0,0,0,0,0,0,0,0,0,0,0,0,0,0,0,0,0,0,0,0,0,0,0,0,0,0,0,0,0,0,0,0,0,0,0,0,0,0,0,0,0,0,0,0,0,0,0.0833333333333,0.125,0.0952380952381,0.157894736842,0,0,0,0,0,0,0,0,0,0,0,0,0,0,0,0,0,0,0,0,0,0,0,0,0,0,0,0,0,0.02,0,0,0,0,0,0,0,0,0,0,0,0,0,0,0,0,0,0,0,0,0,0,0,0,0,0,0,0,0,0,0,0,NA,"forward","m6",27250,29250,2000,"Ts",-1.93701610746481
"CTG","CTT",2450,"thrA","G->T","synonymous",0,0,0,0,0,0,0,0,0,0,0,0,0,0,0,0,0,0,0,0,0,0,0,0,0,0,0,0,0,0,0,0,0,0.0147058823529,0,0,0,0,0,0,0,0,0,0,0,0,0.0185185185185,0,0,0,0,0,0,0,0.0945945945946,0,0,0,0,0,0,0,0,0,0,0,0,0,0,0.10752688172,0.0491803278689,0.225806451613,0.4,0.230769230769,0.287878787879,0.285714285714,0.32,0.0625,0.0588235294118,0.0722891566265,0.16049382716,0.056338028169,0.0655737704918,0.0227272727273,0.0508474576271,0.0196078431373,0.379310344828,0.213333333333,0.0246913580247,0.223684210526,0.662337662338,0.772727272727,0.712121212121,0.489361702128,0.777777777778,0.970149253731,0.95,0.94,0.972222222222,0.964285714286,0.97037037037,1,1,1,1,0.986842105263,0.987804878049,1,1,1,1,1,0.981981981982,1,0,1,1,NA,NA,NA,NA,NA,"forward","p1",35750,49250,13500,"Tv",-1.05477625944599
"CTG","CTT",3809208,"uhpB","C->A","synonymous",0,0,0,0,0,0,0,0,0,0,0,0,0,0,0,0,0,0,0,0,0,0,0,0,0,0,0,0,0,0,0.0909090909091,0.133333333333,0.194444444444,0.025,0.0547945205479,0.0746268656716,0,0,0,0,0,0,0,0,0,0,0,0,0,0,0,0,0.00729927007299,0,0,0,0,0,0,0,0,0,0,0,0,0,0,0,0,0,0,0,0,0,0,0,0,0,0,0,0,0,0,0,0,0,0,0,0,0,0,0,0,0,0,0,0,0,0,0,0,0,0,0,0,0,0,0,0,0,0,0,0,0,0,0,0,0,0,0,0,0,"reverse","m5",14750,17750,3000,"Tv",-1.05477625944599
"CTG","CTT",917630,"artM","C->A","synonymous",0,0,0,0,0,0.03125,0,0,0,0,0,0,0,0,0,0,0,0,0,0,0,0,0,0,0,0,0,0,0,0,0,0,0,0,0,0,0,0,0,0,0,0,0,0,0,0,0,0,0,0,0,0,0,0,0,0,0,0,0,0,0,0,0,0,0,0,0,0,0,0,0,0.0535714285714,0.0909090909091,0.1,0,0.210526315789,0,0,0,0,0,0,0,0,0,0,0,0,0,0,0,0,0,0,0,0,0,0,0,0,0,0,0,0,0,0,0,0,0,0,0,0,0,0,0,0,0,0,0,0,0,NA,"reverse","p2",35250,37750,2500,"Tv",-1.05477625944599
"CTG","CTT",1583795,"yneK","G->T","synonymous",0,0,0,0,0,0,0,0,0,0,0,0,0,0,0,0,0,0,0,0,0,0,0,0,0,0,0,0,0,0,0,0,0,0,0,0,0,0,0,0,0,0,0,0,0,0,0,0,0,0,0,0,0,0,0,0,0,0,0,0,0,0,0,0,0,0,0,0,0,0,0,0,0,0,0,0,0,0,0,0,0,0,0,0,0,0,0,0,0,0,0,0,0,0,0,0,0,0,0,0,0,0,0,0,0,0,0,0,0.0144927536232,0.0108695652174,0,0.0280373831776,0.0576923076923,0.00943396226415,0.0701754385965,0.0538461538462,0.118644067797,0.027027027027,0.0422535211268,0.0138888888889,0.0243902439024,0.109243697479,"forward","m5",55250,NA,5500,"Tv",-1.05477625944599
"CTG","CTT",4270684,"nrfE","G->T","synonymous",0,0,0,0,0,0,0,0,0,0,0,0,0,0,0,0,0,0,0.0175438596491,0.0869565217391,0.232558139535,0.52380952381,0.0655737704918,0,0,0,0,0,0,0,0,0,0,0.0172413793103,0,0,0,0,0,0,0,0,0,0,0,0,0,0,0,0,0,0,0,0,0,0,0,0,0,0,0,0,0,0,0,0,0,0,0,0,0,0,0,0,0,0,0,0,0,0,0,0,0,0.0103092783505,0,0,0,0,0,0,0,0,0,0,0,0,0,0,0,0,0,0,0,0,0,0,0,0,0,0,0,0,0,0,0,0,0,0,0,0,0,0,"forward","m5",9250,11250,2000,"Tv",-1.05477625944599
"CTG","TTG",783227,"ybhI","C->T","synonymous",0,0,0,0,0,0,0,0,0,0,0,0,0,0,0,0,0,0,0,0,0,0,0,0,0,0,0,0,0,0,0,0,0,0,0,0,0,0,0,0,0,0,0,0,0,0,0,0,0,0,0,0,0,0,0,0,0,0,0,0,0,0,0,0,0,0,0,0,0,0,0,0,0,0,0,0,0,0,0,0,0,0,0,0,0,0,0,0,0,0,0,0,0,0,0,0.0909090909091,0.09375,0.0909090909091,0.11320754717,0.0740740740741,0.157894736842,0.0481927710843,0.0537634408602,0.0574712643678,0.0173913043478,0,0,0.025641025641,0,0,0,0,0,0,0,0,0,0,0,0,0,NA,"forward","m6",47250,51750,4500,"Ts",-0.965044831065058
"CTG","TTG",1947870,"cheR","G->A","synonymous",0,0,0,0,0,0,0,0,0,0,0,0,0,0,0,0,0,0,0,0,0,0,0,0,0,0,0,0.0140845070423,0,0,0,0,0,0,0,0,0,0,0,0,0,0,0,0,0,0,0,0,0,0,0,0.0147058823529,0,0,0,0,0,0,0,0,0,0,0,0,0,0,0,0,0,0,0,0,0,0,0,0,0,0.0131578947368,0,0,0,0,0,0,0,0,0,0,0,0,0,0,0,0,0,0,0,0,0,0,0,0,0,0,0,0,0,0.03125,0.693333333333,0.75,0.879310344828,0.988235294118,1,1,1,1,1,1,1,1,1,NA,"reverse","p4",53250,55250,2000,"Ts",-0.965044831065058
"CTG","TTG",3557592,"yhiH","G->A","synonymous",0,0,0,0,0,0,0,0,0,0,0,0,0,0,0,0,0,0,0,0,0,0,0,0,0,0,0,0,0,0,0,0,0,0,0,0,0,0,0,0,0,0,0,0,0,0,0,0,0,0,0,0,0,0,0,0,0,0,0,0,0,0,0,0,0,0,0,0,0,0,0,0,0.03125,0.0789473684211,0.166666666667,0,0,0,0,0,0,0,0,0,0,0,0,0,0,0,0,0,0,0,0,0,0,0,0,0,0,0,0,0,0,0,0,0,0,0,0,0,0,0,0,0,0,0,0,0,0,NA,"reverse","p2",35750,37250,1500,"Ts",-0.965044831065058
"CTG","TTG",2956647,"fbaA","G->A","synonymous",0,0,0,0,0,0,0,0,0,0,0,0,0,0,0,0,0,0,0,0,0,0,0.0117647058824,0,0,0,0,0,0,0,0,0,0,0,0,0,0,0,0,0,0,0,0.00471698113208,0,0,0,0,0,0.0138888888889,0,0,0.00854700854701,0,0,0,0,0,0,0,0,0,0,0,0,0,0,0,0,0.0113636363636,0,0,0,0,0,0,0.00420168067227,0.0112359550562,0,0,0,0,0,0,0,0,0,0,0.00471698113208,0,0,0,0,0,0,0,0,0,0,0,0,0,0,0.025974025974,0.00917431192661,0.0425531914894,0.0394736842105,0.00892857142857,0.132352941176,0.148514851485,0.161290322581,0.298507462687,0.0576923076923,0,0.00485436893204,0,0.00442477876106,0,0,0,0,0,0,"reverse","m5",51750,55750,4000,"Ts",-0.965044831065058
"CTG","TTG",1343489,"yciR","G->A","synonymous",0,0,0,0,0,0,0,0,0,0,0,0,0.0294117647059,0,0,0,0,0,0,0,0,0,0,0,0,0,0,0,0,0,0,0,0.015873015873,0,0,0,0,0,0,0,0,0,0,0,0,0,0,0,0,0,0,0,0,0,0.0602409638554,0,0,0,0,0,0,0,0,0,0,0,0,0,0,0,0,0,0,0.0125,0.0493827160494,0.107843137255,0.0384615384615,0.0769230769231,0.0142857142857,0.0388349514563,0.0789473684211,0.0263157894737,0.0736842105263,0,0.0574712643678,0.0625,0.315789473684,0.161290322581,0.0176991150442,0.264367816092,0.747126436782,0.897435897436,0.753086419753,0.633333333333,0.823529411765,0.923076923077,0.934426229508,0.940298507463,0.929824561404,0.951388888889,1,1,1,1,0.990825688073,1,1,1,1,1,1,1,1,1,0,1,1,NA,NA,NA,NA,NA,"reverse","p1",38250,51750,13500,"Ts",-0.965044831065058
"CTT","CTG",1949527,"tap","A->C","synonymous",0,0,0,0,0,0,0,0,0,0,0,0,0,0,0,0,0,0,0,0,0,0,0,0,0,0,0,0,0,0,0,0,0,0,0,0,0,0,0,0,0,0,0,0,0,0,0,0,0,0,0,0,0,0,0,0,0,0,0,0,0,0,0,0,0,0,0,0,0,0,0,0,0,0,0,0,0,0,0,0,0,0,0,0,0,0,0,0,0,0,0,0,0,0,0,0,0,0,0,0,0,0.0909090909091,0.119047619048,0.0740740740741,0.0333333333333,0.0238095238095,0.0869565217391,0.0238095238095,0.108695652174,0.0277777777778,0.0540540540541,0,0,0,NA,NA,NA,NA,NA,NA,NA,NA,"reverse","p5",51250,56250,5000,"Tv",1.05477625944599
"GAC","GAT",4603065,"yjjV","C->T","synonymous",0,0,0,0,0,0.0416666666667,0,0,0,0,0,0,0,0,0.0454545454545,0.272727272727,0,0.0384615384615,0,0,0.212121212121,0.103448275862,0.290909090909,0.560975609756,0.333333333333,0.290322580645,0.15,0.075,0.134615384615,0.333333333333,0.285714285714,0.264705882353,0.173076923077,0.625,0.125,0.368421052632,0.046511627907,0.2,0.85,0.681818181818,0.40625,0.767441860465,0.0882352941176,0.25,0.363636363636,0.275,0.350877192982,0.597014925373,0.44,0.3,0.2,0.166666666667,0.132075471698,0.196078431373,0.1,0.4,0,0.0769230769231,0,0.0754716981132,0.0263157894737,0.0526315789474,0.0192307692308,0.133333333333,0.112903225806,0.27397260274,0.113636363636,0.153846153846,0.0555555555556,0.210526315789,0.183673469388,0.289473684211,0.245283018868,0.203125,0.117647058824,0.234042553191,0.0526315789474,0.424657534247,0,0.166666666667,0.260869565217,0.444444444444,0.14,0.241379310345,0.474358974359,0.116666666667,0.214285714286,0.441860465116,0.285714285714,0.238095238095,0.0253164556962,0.209523809524,0.21568627451,0.137931034483,0,0.185185185185,0.11320754717,0.483870967742,0.151515151515,0.175,0.260869565217,0.519230769231,0.291666666667,0.365853658537,0,0.225,0.28813559322,0.0526315789474,0.392156862745,0.463414634146,0.3,0.0740740740741,0.0847457627119,0.448979591837,NA,NA,NA,NA,NA,NA,NA,NA,"forward","p5",10750,NA,47000,"Ts",-0.0374623915297926
"GAC","GAT",4035924,"glnA","G->A","synonymous",0,0,0,0,0,0,0,0,0,0,0,0,0,0.0555555555556,0,0,0,0,0,0,0,0,0,0,0,0,0,0,0.00943396226415,0,0,0,0,0,0,0,0,0,0,0,0,0,0,0,0,0,0,0,0,0,0,0,0,0,0,0,0,0,0,0,0.010752688172,0.0454545454545,0.346153846154,0.574468085106,0.290322580645,0.263157894737,0.3125,0.176470588235,0.28125,0.206896551724,0.189873417722,0.0392156862745,0.00970873786408,0.016393442623,0,0,0,0,0,0,0,0,0,0,0,0,0,0,0,0,0,0,0,0,0,0,0,0,0,0,0,0,0,0,0,0,0,0,0,0,0,0,0,0,0,0,0,0,0,0,0,0,"reverse","m5",30250,35750,5500,"Ts",-0.0374623915297926
"GCA","GCC",239002,"dnaQ","A->C","synonymous",0,0,0,0,0,0,0,0,0,0,0,0,0,0,0,0,0,0,0,0,0,0,0,0,0,0.00549450549451,0,0.0208333333333,0,0,0,0,0,0,0,0,0,0,0,0.00925925925926,0,0,0,0,0,0.0125,0.0933333333333,0.285714285714,0.183333333333,0.0377358490566,0.0149253731343,0.126315789474,0.354838709677,0.676056338028,0.307692307692,0.488188976378,0.409090909091,0.385542168675,0.575757575758,0.42,0.326530612245,0.233870967742,0.193548387097,0.109243697479,0.183486238532,0.336633663366,0.260416666667,0.327272727273,0.488888888889,0.446280991736,0.328947368421,0.520408163265,0.594936708861,0.313131313131,0.336956521739,0.339130434783,0.211267605634,0.146341463415,0.0260869565217,0.123966942149,0.0865384615385,0.0714285714286,0.0978260869565,0.0533333333333,0.0309278350515,0.139534883721,0.311688311688,0.227722772277,0.0388888888889,0.304347826087,0.728155339806,0.926829268293,0.690476190476,0.598130841121,0.761061946903,0.95,0.961538461538,0.869565217391,0.871794871795,0.963235294118,1,0.994318181818,1,1,1,0.983193277311,0.983606557377,1,0.993288590604,1,1,1,1,0.99375,0,1,1,NA,NA,NA,NA,NA,"forward","p1",24250,51750,27500,"Tv",-0.0930495921948184
"GCA","GCC",2424123,"yfdV","T->G","synonymous",0,0,0,0,0,0,0,0,0,0,0,0,0,0,0,0,0,0,0,0,0,0,0,0,0,0.0121951219512,0,0,0,0,0,0,0,0,0.0204081632653,0.0769230769231,0.23595505618,0.0701754385965,0.188235294118,0.123287671233,0.0181818181818,0.379310344828,0.358490566038,0.12,0.0217391304348,0,0.0487804878049,0,0,0,0,0,0,0,0,0,0,0,0,0,0,0,0,0,0,0,0,0,0,0,0,0,0,0,0,0,0,0,0,0,0,0,0,0,0,0,0,0,0,0,0,0,0,0,0,0,0,0,0,0,0,0,0.00751879699248,0,0,0,0,0,0,0,0,0,0,0,0,0,0,0,0,0,0,NA,"reverse","m6",17250,23250,6000,"Tv",-0.0930495921948184
"GCA","GCC",2772320,"iap","A->C","synonymous",0,0.00961538461538,0,0,0,0,0,0,0,0,0,0,0,0,0,0,0,0,0,0,0,0,0,0,0,0,0,0,0.0123456790123,0.00877192982456,0,0.0161290322581,0.0853658536585,0.0701754385965,0.0505050505051,0.508620689655,0.923728813559,0.968085106383,1,1,0.975308641975,0.985507246377,1,1,1,1,1,1,1,0.991452991453,0.985074626866,1,1,1,1,1,1,1,1,1,1,1,1,1,1,1,1,1,1,1,1,1,1,1,1,1,1,1,1,1,1,1,1,1,1,1,1,0,1,1,1,1,1,1,1,1,1,1,1,1,0,1,1,1,1,1,1,1,1,1,1,1,1,1,1,1,1,1,1,1,1,NA,"forward","p4",15750,18750,3000,"Tv",-0.0930495921948184
"GCC","GCA",129095,"aceF","C->A","synonymous",0,0,0,0,0,0,0,0,0,0,0,0,0,0,0,0,0,0,0,0,0,0,0.0217391304348,0,0,0,0,0,0,0,0.0238095238095,0,0.025,0,0.0714285714286,0,0,0,0,0,0,0,0,0,0,0.04,0.0294117647059,0.0153846153846,0,0,0,0,0,0,0,0,0,0,0.0769230769231,0.115384615385,0.0444444444444,0,0,0,0,0,0,0,0,0,0,0.0487804878049,0,0,0,0,0,0,0,0,0,0,0,0,0,0,0,0,0,0.00934579439252,0,0,0,0,0,0,0,0,0,0,0.047619047619,0,0,0,0,0,0,0,0.0243902439024,0,0,0,0,0,0,0,0.0153846153846,0,0,0,0,0,"forward","m5",28750,30250,1500,"Tv",0.0930495921948184
"GCC","GCT",4211685,"lysC","G->A","synonymous",0,0,0,0,0,0,0,0,0,0,0,0,0,0,0,0,0,0,0,0,0,0,0,0,0,0,0,0,0,0,0,0,0,0,0,0,0,0,0,0,0,0,0,0,0,0,0,0,0,0,0,0,0,0,0,0,0,0,0,0,0,0,0,0,0,0,0,0,0,0,0,0,0,0,0,0,0,0,0,0,0.00862068965517,0,0,0.0112359550562,0,0,0,0,0,0,0.00420168067227,0,0,0,0,0,0,0,0,0,0,0,0,0,0,0.00684931506849,0,0.0077519379845,0.127659574468,0.139784946237,0.231884057971,0.0533333333333,0,0,0.0144927536232,0,0,0,0,0,0,0,"reverse","m5",53750,55750,2000,"Ts",0.178645939845097
"GCC","GCT",3437566,"yhfW","G->A","synonymous",0,0.0227272727273,0,0,0,0,0,0,0,0,0,0,0,0,0,0,0,0,0,0,0,0,0,0,0,0,0,0,0,0,0,0,0,0,0,0,0,0,0,0,0,0,0,0,0,0,0,0,0,0,0,0,0,0,0,0,0,0,0,0,0,0,0,0,0,0,0,0,0,0,0,0,0,0,0,0,0,0,0,0,0,0,0,0,0,0,0,0,0,0,0,0,0,0,0,0,0,0,0,0.00666666666667,0,0,0.0909090909091,0.271604938272,0.528735632184,0.440366972477,0.377192982456,0.0222222222222,0,0.031914893617,0.111111111111,0.53488372093,0.585365853659,0.525316455696,0.35593220339,0.150793650794,0.15873015873,0.139240506329,0.133928571429,0.14371257485,0.0916030534351,0.102189781022,"reverse","m5",50750,NA,10000,"Ts",0.178645939845097
"GCG","GCA",3850431,"tnaA","G->A","synonymous",0,0,0,0,0,0,0,0,0,0,0,0,0,0,0,0,0,0,0,0,0,0,0,0,0,0,0,0,0.00591715976331,0,0,0,0,0,0,0,0,0,0,0,0,0,0,0,0,0,0,0,0,0,0.00595238095238,0,0,0,0,0,0,0,0,0,0.0135135135135,0.1,0.307692307692,0.2,0.379310344828,0.117117117117,0,0.0151515151515,0,0.0266666666667,0.0373134328358,0.157534246575,0.0695652173913,0,0.027397260274,0,0,0,0,0,0,0,0,0,0,0,0,0,0,0,0,0,0,0,0,0,0,0,0,0,0,0,0,0,0,0.00460829493088,0,0,0,0,0,0,0,0,0,0,0,0,0,0,0,0,"forward","m5",30250,36250,6000,"Ts",-0.0906610637310549
"GCG","GCA",1661015,"rstB","G->A","synonymous",0,0,0,0,0,0,0,0,0,0,0,0,0,0,0,0,0,0,0,0,0,0,0,0,0,0,0,0,0,0,0.027027027027,0,0,0,0,0,0,0,0,0,0,0,0,0,0,0,0,0,0,0,0,0,0,0,0,0,0,0,0,0,0,0,0,0,0,0,0,0,0,0,0,0,0,0,0,0,0,0,0,0,0,0,0,0,0,0,0,0,0,0,0,0,0,0,0,0,0,0.0566037735849,0.0588235294118,0.301886792453,0.413793103448,0.575471698113,0.413793103448,0.185185185185,0.0405405405405,0.030303030303,0,0.0704225352113,0.031746031746,0.253968253968,0.361111111111,0.047619047619,0,0,0.0181818181818,0,0,0,0,0,0,0,"forward","m5",48250,55750,7500,"Ts",-0.0906610637310549
"GCG","GCA",3308106,"yhcB","G->A","synonymous",0,0,0,0,0,0,0,0,0,0,0,0,0,0,0,0,0,0.0227272727273,0,0,0,0,0,0,0,0,0,0,0,0,0,0,0,0,0,0,0.263157894737,0.5,0.756756756757,0.935064935065,0.715789473684,0.79,0.89010989011,0.930693069307,0.895833333333,0.738461538462,0.875,0.823529411765,1,1,0.98,1,1,0.985507246377,1,1,1,1,1,0.985074626866,0.985294117647,0.96511627907,1,1,1,1,0.988372093023,1,1,1,1,1,0.971428571429,1,0.964285714286,1,1,1,1,0.97619047619,0.985714285714,0.985915492958,0.974683544304,0.98,1,1,0.976744186047,1,1,1,0.964285714286,1,0.984615384615,0.981818181818,0.989247311828,1,1,1,1,1,1,1,1,1,1,1,1,1,1,1,1,0.970588235294,1,1,0,1,1,NA,NA,NA,NA,NA,"forward","p1",19250,25250,6000,"Ts",-0.0906610637310549
"GCG","GCA",423135,"ampG","C->T","synonymous",0,0,0,0.00925925925926,0,0,0,0,0,0,0,0,0,0,0,0,0,0,0.0117647058824,0,0,0,0,0,0,0,0,0,0,0,0,0,0,0,0,0,0,0,0,0,0,0,0,0,0,0,0,0,0,0,0,0,0,0,0,0,0,0,0,0,0,0,0,0.0285714285714,0,0,0,0,0,0,0,0,0,0,0,0,0,0,0,0,0,0,0,0,0,0,0,0,0,0,0,0,0,0,0,0,0,0,0,0,0,0,0.25,0,0.103174603175,0.0978260869565,0.0842105263158,0.135714285714,0.110236220472,0.0357142857143,0.116279069767,0.238095238095,0.106796116505,0.111111111111,0,0.0606060606061,0.1,NA,NA,NA,NA,NA,"reverse","p1",52750,NA,7500,"Ts",-0.0906610637310549
"GCG","GCA",857058,"moeB","C->T","synonymous",0,0,0,0,0,0,0,0,0,0,0,0,0,0,0,0,0,0,0,0,0,0,0,0,0,0,0,0,0,0,0,0,0,0,0,0,0,0,0,0,0,0,0,0,0,0,0,0,0,0,0,0,0,0.0454545454545,0.142857142857,0,0,0.1,0.153846153846,0,0.047619047619,0,0.0714285714286,0.19298245614,0.25,0.32,0.222222222222,0.0819672131148,0.161290322581,0.266666666667,0.4,0,0.142857142857,0.555555555556,0.736842105263,0.368421052632,0.294117647059,0.578947368421,0.594594594595,0.5,0.108108108108,0.363636363636,0.266666666667,0.6,0.37037037037,0.25,0.346153846154,0.567567567568,0.369230769231,0.636363636364,0.294117647059,0.230769230769,0.208333333333,0.294117647059,0.285714285714,0.266666666667,0.04,0.0833333333333,0.3,0.291666666667,0.2,0.283582089552,0.283333333333,0.226666666667,0.234693877551,0.0454545454545,0.257142857143,0.347826086957,0.263157894737,0.135135135135,0.5,0.444444444444,0.166666666667,0.25,0.333333333333,0.266666666667,0.204545454545,0.0277777777778,0.279069767442,0.184210526316,0.0606060606061,NA,"reverse","m6",31250,NA,29000,"Ts",-0.0906610637310549
"GCG","GCT",4082053,"kdgT","G->T","synonymous",0,0,0,0,0,0,0,0,0,0,0,0,0,0.0121951219512,0,0,0,0,0,0,0.0128205128205,0,0,0,0,0,0,0,0,0.0151515151515,0,0,0,0,0,0,0,0,0,0,0,0,0,0,0,0,0,0,0,0.0104166666667,0,0,0,0,0.012987012987,0,0.210526315789,0.354838709677,0.45,0.136363636364,0.0967741935484,0.0142857142857,0,0,0.0117647058824,0.0166666666667,0,0,0,0,0,0,0,0,0,0,0,0,0,0,0,0,0,0,0,0,0,0,0,0,0,0,0,0,0,0,0,0,0,0,0,0,0,0,0,0,0,0,0,0,0,0,0,0,0,0,0,0,0,0,0,NA,"forward","p4",27750,30250,2500,"Tv",-0.0050647160807764
"GCT","GCC",2032777,"manB","A->G","synonymous",0,0,0,0,0,0,0,0,0,0,0,0,0,0,0,0,0,0,0,0,0,0,0,0,0,0,0,0,0,0,0.444444444444,0,0.458333333333,0,0.555555555556,1,0.545454545455,0.818181818182,0,0.384615384615,0,0,0.388888888889,0,1,1,0.875,0.6,0.7,0.166666666667,0.428571428571,0.51724137931,0.666666666667,0.666666666667,0,0.4,0.666666666667,0.52380952381,0.363636363636,0.375,0.875,0,0,0.5,1,0.4,0,0.5,0.47619047619,0.285714285714,0.444444444444,0.5,0.428571428571,0.5,0.266666666667,0.240963855422,0.0769230769231,0.25,0.222222222222,0.0625,0.078431372549,0.2,0,0.619047619048,0.357142857143,0.375,0.875,0.326086956522,0.166666666667,0.283333333333,0.280898876404,0.6,0.578947368421,0.615384615385,0,0.5,0,0.5625,0.5,0.608695652174,0.8,1,1,0.875,0.75,0.869565217391,0.6,0.842105263158,0.545454545455,0.833333333333,0.818181818182,1,0.555555555556,0.695652173913,0,0.684210526316,0.307692307692,0.684210526316,0.928571428571,0.709677419355,0.904761904762,0.846153846154,"reverse","m5",14750,NA,46000,"Ts",-0.178645939845097
"GCT","GCC",442677,"mdlA","T->C","synonymous",0,0,0,0,0,0,0,0,0,0,0,0,0,0,0,0,0,0,0,0,0,0,0.0238095238095,0,0,0,0.037037037037,0,0,0,0,0,0,0,0,0,0,0,0,0,0.0121951219512,0,0,0,0,0,0,0,0,0,0,0.0212765957447,0,0,0,0,0.0222222222222,0.0212765957447,0.0222222222222,0,0,0,0,0,0,0,0,0,0,0.015873015873,0,0,0,0,0.0166666666667,0,0,0,0,0,0,0,0,0.025641025641,0.0377358490566,0.171875,0.0540540540541,0.157894736842,0.298701298701,0.20652173913,0.0625,0.030303030303,0,0,0,0.0149253731343,0,0,0,0,0,0,0,0,0,0,0,0,0,0,0,0,0,0,0,0,0,NA,NA,NA,NA,NA,"forward","p1",43750,47250,3500,"Ts",-0.178645939845097
"GCT","GCC",2056004,"cpsG","A->G","synonymous",0,0,0,0,0,0,0,0,0,0,0,0,0,0,0,0,0,0,0,0,0,0,0,0,0,0,0,0,0,0,0.545454545455,0.928571428571,0.695652173913,0.75,1,0.928571428571,0.608695652174,0,0.2,0.777777777778,0.384615384615,0,0.679245283019,1,0.857142857143,0.916666666667,0.8,1,0.769230769231,0.5,0.916666666667,0.880952380952,1,0.909090909091,0,0.809523809524,0.714285714286,0.714285714286,0.714285714286,0.3125,0.714285714286,0.666666666667,0,0.854166666667,0,0.555555555556,0,0.75,0.5,0.444444444444,0.5,0.521739130435,0.833333333333,0.375,0.181818181818,0.424242424242,0.173913043478,0.388888888889,0.45,0.216216216216,0.177777777778,0.666666666667,1,0.594594594595,0.454545454545,0.523076923077,1,0.528301886792,0.0952380952381,0.410256410256,0.528571428571,0.727272727273,0.777777777778,0.416666666667,0,0.833333333333,1,0.684210526316,0.95,0.84,0.9,0.947368421053,1,1,0.818181818182,0.897435897436,0.782608695652,0.942857142857,1,0.8125,1,0.923076923077,0,0.909090909091,0.875,0.766666666667,0.666666666667,0.774193548387,0.916666666667,0.875,0.821428571429,0.862068965517,"reverse","m5",14750,48750,34000,"Ts",-0.178645939845097
"GGC","GGA",1352030,"sapC","G->T","synonymous",0,0,0,0,0,0,0,0,0,0,0,0,0,0,0,0,0,0,0,0,0.0285714285714,0,0,0,0,0.142857142857,0.612903225806,0.529411764706,0.425531914894,0.469387755102,0.269230769231,0.638888888889,0.493150684932,0.394736842105,0.514285714286,0.8,0.689655172414,0.141025641026,0.407407407407,0.59649122807,0.260869565217,0.48,0.515151515152,0.529411764706,0.361111111111,0.222222222222,0.325,0.310344827586,0.125,0.166666666667,0.093023255814,0,0.142857142857,0.0857142857143,0.121212121212,0.0625,0.0769230769231,0.125,0.153846153846,0,0.0714285714286,0.0588235294118,0.25,0.102564102564,0.230769230769,0.0952380952381,0.365853658537,0.0677966101695,0.257142857143,0.666666666667,0.6,0.357142857143,0.615384615385,0.740740740741,0.8,0.478260869565,0.777777777778,0.307692307692,0.571428571429,0.68,0.24,0.4,0.5,0.487804878049,0.333333333333,0.533333333333,0.477272727273,0.512195121951,0.380952380952,0.608695652174,0.666666666667,0.166666666667,0.0909090909091,0.173913043478,0.0322580645161,0.166666666667,0.115384615385,0.253333333333,0.37037037037,0.333333333333,0.204545454545,0.256756756757,0.33734939759,0.252873563218,0.263157894737,0.108695652174,0.295454545455,0.28125,0.212121212121,0.295454545455,0.0416666666667,0.3,0.289473684211,0.25,0.333333333333,0.234375,0.180555555556,0.192307692308,0.183333333333,0.25,0.0625,NA,"reverse","m6",12250,NA,48000,"Tv",-1
"GGC","GGA",3252896,"yhbC","G->T","synonymous",0,0,0,0,0,0,0,0,0,0,0,0,0,0.0769230769231,0,0.00408163265306,0.0384615384615,0.0285714285714,0.0862068965517,0.0909090909091,0.03,0.0705882352941,0.141176470588,0.125,0.0775862068966,0.0227272727273,0.0588235294118,0.175115207373,0.144444444444,0.0512820512821,0,0,0.0842105263158,0.0149253731343,0,0.0588235294118,0.0729166666667,0,0.09375,0.0947368421053,0,0.1,0.0924855491329,0,0,0,0,0,0,0,0,0,0,0,0,0,0,0,0,0,0,0,0,0,0,0,0,0,0,0,0,0,0,0,0,0,0,0,0,0,0,0,0,0,0,0.00403225806452,0,0,0,0,0,0,0,0,0,0,0,0,0.0204081632653,0,0,0,0.0133333333333,0,0,0,0,0,0,0,0,0,0,0,0,0,0,0,0,0,0,0,"reverse","m5",8250,21250,13000,"Tv",-1
"GGC","GGT",3373108,"rpsE","G->A","synonymous",0,0.027027027027,0,0,0.125,0.05,0,0,0.010101010101,0,0,0.030303030303,0,0,0,0,0,0,0,0,0,0,0,0,0,0,0,0,0,0,0,0,0,0,0,0,0,0,0,0,0,0,0,0,0,0,0,0,0,0,0,0,0,0,0,0,0,0,0,0,0,0,0,0,0,0,0,0,0,0,0,0,0,0,0,0,0,0,0,0,0,0,0,0,0,0,0,0,0,0,0,0,0,0,0,0,0,0,0,0,0,0,0,0,0,0,0,0,0,0,0,0,0,0,0,0,0,0.00803212851406,0.0307692307692,0,0,NA,"reverse","p2",1750,2750,1000,"Ts",0.11565317531026
"GGC","GGT",252414,"yafM","C->T","synonymous",0,0,0,0,0,0,0,0,0,0,0,0,0,0,0,0,0,0,0,0,0,0,0,0,0,0,0,0,0,0,0,0,0,0,0,0,0,0,0,0,0,0,0,0,0,0,0,0,0,0,0,0,0,0,0,0,0,0,0,0,0,0,0,0,0,0,0,0,0,0,0,0.0194174757282,0,0,0,0,0.015873015873,0,0,0,0,0,0,0,0,0,0,0.00904977375566,0,0.08125,0.100877192982,0.796296296296,0.904255319149,0.886363636364,0.9,0.972602739726,0.904761904762,0.968253968254,0.893939393939,0.938053097345,0.985294117647,1,1,1,0.971962616822,0.978260869565,0.878571428571,0.989247311828,1,1,1,0.976923076923,1,0.959595959596,0.958904109589,0.916030534351,0.842105263158,0.933774834437,0.99173553719,0.958333333333,0.962264150943,0.947712418301,"forward","m5",44250,46750,2500,"Ts",0.11565317531026
"GGC","GGT",1800199,"nadE","C->T","synonymous",0,0,0,0,0,0,0,0,0,0.0294117647059,0,0,0,0,0,0,0,0,0,0,0,0,0,0,0,0,0,0,0,0,0,0,0,0,0,0,0,0,0,0,0,0,0,0,0,0.0121951219512,0.0617283950617,0.15873015873,0.194444444444,0.314285714286,0.115942028986,0.0490196078431,0.013698630137,0,0,0,0,0,0,0,0.00862068965517,0,0,0,0,0,0,0.00813008130081,0,0,0,0,0,0,0,0,0,0,0,0.0142857142857,0,0,0,0.00909090909091,0,0,0,0,0,0,0,0,0,0,0,0,0,0.0102040816327,0,0,0,0,0,0,0.00636942675159,0,0,0,0,0,0,0,0,0.00552486187845,0,0,0,NA,NA,NA,NA,NA,"forward","p1",24250,27250,3000,"Ts",0.11565317531026
"GGC","GGT",134616,"acnB","C->T","synonymous",0,0,0,0,0,0,0,0,0,0,0,0,0,0,0,0,0,0,0,0,0,0,0,0,0,0,0,0,0,0,0,0,0,0,0,0,0,0,0,0,0,0,0,0,0,0,0,0,0,0,0,0,0,0,0,0,0,0,0,0,0,0,0,0,0,0,0,0,0,0,0,0,0,0,0,0,0,0,0,0,0,0,0,0,0,0,0,0,0,0,0,0,0,0,0,0,0,0,0,0,0,0,0,0,0,0.00751879699248,0.00813008130081,0.0283018867925,0.146341463415,0.140186915888,0.141414141414,0.0138888888889,0.0232558139535,0,0,0,0,0,0,0,0,0,"forward","m5",53250,55250,2000,"Ts",0.11565317531026
"GGC","GGT",1317194,"trpC","G->A","synonymous",0,0,0,0,0,0,0,0,0,0,0,0,0,0,0,0,0,0,0,0,0,0,0,0,0,0,0,0,0,0,0,0,0,0,0,0,0,0,0,0,0,0,0,0,0,0,0,0,0,0,0,0,0,0,0,0,0,0,0,0,0,0.0434782608696,0.025641025641,0.047619047619,0.078431372549,0.190476190476,0.74,0.753623188406,0.5,0.342857142857,0.65,0.814814814815,0.555555555556,0.576923076923,0.870967741935,0.555555555556,0.9375,0.648648648649,0.962264150943,0.777777777778,0.88,0.6,0.925,0.6875,0.571428571429,0.774193548387,0.822222222222,0.645161290323,0.803278688525,0.611111111111,1,0.717948717949,0.75,0.416666666667,1,0.75,0.85,0.25,0.857142857143,0.4375,0.714285714286,0.693548387097,0.608695652174,0.714285714286,0.92,0.424242424242,0.735294117647,0.846153846154,0.9,0.615384615385,0.642857142857,0.4,0.645833333333,0.5,NA,NA,NA,NA,NA,NA,NA,NA,"reverse","p5",32750,NA,25000,"Ts",0.11565317531026
"GGC","GGT",1934911,"torZ","G->A","synonymous",0,0,0,0,0,0,0,0,0,0,0,0,0,0,0,0,0,0,0,0,0,0,0,0,0,0,0,0,0,0,0,0,0,0,0,0,0,0,0,0,0,0,0,0,0,0,0,0,0.0227272727273,0.111111111111,0.0491803278689,0.0483870967742,0,0,0.0123456790123,0.0434782608696,0,0,0,0.0238095238095,0,0,0.0169491525424,0,0,0,0,0,0,0,0,0,0,0,0,0,0,0,0,0,0,0,0,0,0,0,0,0,0,0,0,0,0,0,0,0,0,0,0,0,0,0,0,0,0,0,0,0,0,0,0,0,0,0,0,0,0,NA,NA,NA,NA,NA,"reverse","p1",25750,27250,1500,"Ts",0.11565317531026
"GGG","GGA",335448,"lacY","C->T","synonymous",0,0,0,0,0,0,0,0,0,0,0,0,0,0,0,0,0,0,0,0,0,0,0,0,0,0,0,0,0,0,0,0,0,0,0,0,0,0,0,0,0,0,0,0,0,0,0,0,0,0,0,0,0,0.0322580645161,0,0,0,0,0,0,0,0,0,0,0,0,0,0,0,0,0,0,0,0.170731707317,0.295454545455,0.369127516779,0.241379310345,0.159090909091,0.260869565217,0.507936507937,0.545454545455,0.247058823529,0,0.170454545455,0.333333333333,0.325,0.0571428571429,0.220994475138,0.5,0.27397260274,0.142857142857,0.115942028986,0.0449438202247,0.0238095238095,0.111111111111,0.04,0,0.0645161290323,0.04,0.0344827586207,0.0196078431373,0,0,0,0.0361445783133,0.00892857142857,0.030303030303,0.0470588235294,0.012987012987,0,0.0363636363636,0.013698630137,0.0714285714286,0,0.078125,0,0.0909090909091,0.032,0.012987012987,0.0202702702703,0.013698630137,0.0416666666667,"reverse","m5",36250,45750,9500,"Ts",-0.179787404615645
"GGG","GGA",307594,"yahC","C->T","synonymous",0,0,0,0,0,0,0,0,0,0.00581395348837,0,0,0,0,0.0454545454545,0.00904977375566,0,0,0,0,0.0112359550562,0,0,0,0.00704225352113,0,0,0,0,0,0.0138888888889,0,0.030303030303,0.046875,0.2,0.127659574468,0.244897959184,0.575757575758,0.458333333333,0.480392156863,0.292682926829,0.148936170213,0.0707547169811,0.507692307692,0.491525423729,0.567567567568,0.842105263158,0.948979591837,0.929824561404,0.863636363636,0.911764705882,0.926267281106,0.939130434783,0.975609756098,0.964285714286,0.938144329897,0.890909090909,0.879310344828,0.964285714286,0.892307692308,0.96875,0.714285714286,0.862068965517,0.892857142857,0.870967741935,0.854545454545,0.666666666667,0.904761904762,0.880434782609,0.923076923077,0.779661016949,0.922480620155,0.840579710145,0.885245901639,0.885057471264,0.606481481481,0.761363636364,0.631578947368,0.813953488372,0.575757575758,0.59595959596,0.79012345679,0.642857142857,0.717391304348,0.492063492063,0.738532110092,0.96,0.762931034483,0.508196721311,0.75,0.792452830189,0.848101265823,0.950819672131,0.948051948052,1,0.972602739726,0.947368421053,0.950980392157,0.792682926829,0.989304812834,0.986486486486,1,0.916666666667,0,0,0,0,0,0,0,0,0,0,0,0,0,0,0,0,0,0,0,"reverse","m5",16250,49250,33000,"Ts",-0.179787404615645
"GGT","GGA",3882259,"atpB","A->T","synonymous",0.00411522633745,0.0405405405405,0.030303030303,0.0204081632653,0.012987012987,0.0219298245614,0,0,0,0.0192307692308,0,0,0.0185185185185,0.0149253731343,0.0277777777778,0.0454545454545,0,0,0,0.00819672131148,0,0,0.0384615384615,0.02,0.0243902439024,0.0247524752475,0,0.0416666666667,0,0,0,0.00970873786408,0.0315789473684,0.0192307692308,0,0,0.0133333333333,0,0.027972027972,0.00819672131148,0.00632911392405,0,0.00769230769231,0,0,0,0.0897435897436,0.0666666666667,0.0405405405405,0.125,0.093023255814,0.0434782608696,0,0,0.0131578947368,0,0,0.0104166666667,0.047619047619,0.0294117647059,0.034965034965,0.0243902439024,0.0121951219512,0.00699300699301,0.0204081632653,0,0,0.00787401574803,0.0314960629921,0.0363636363636,0.00917431192661,0.0224719101124,0.00990099009901,0.025641025641,0.0353982300885,0.0692307692308,0,0,0.00729927007299,0.036036036036,0.0152671755725,0.0104166666667,0.00961538461538,0,0.01,0,0.078125,0.00819672131148,0,0.00632911392405,0,0,0.039603960396,0.00990099009901,0.0486111111111,0.00952380952381,0.0161290322581,0.0128205128205,0,0.0108108108108,0.00561797752809,0.0136054421769,0.0416666666667,0,0.0231213872832,0.0194805194805,0.0340136054422,0.00485436893204,0.0111731843575,0.00625,0,0.020202020202,0.0229885057471,0.0236686390533,0,0,0,NA,NA,NA,NA,NA,"reverse","p1",25750,26750,1000,"Tv",-1.11565317531026
"GGT","GGC",4507628,"sgcE","A->G","synonymous",0,0,0,0,0,0.00621118012422,0,0,0,0,0,0,0,0,0,0,0,0,0,0.0077519379845,0,0.0454545454545,0.2375,0.411764705882,0.132743362832,0.0406976744186,0.0405405405405,0,0.0694444444444,0,0.0267857142857,0,0,0,0,0,0,0,0,0.00847457627119,0,0,0,0,0,0,0,0,0,0,0,0,0,0,0,0,0,0,0.0116279069767,0,0,0.0102040816327,0,0,0.00925925925926,0,0.00709219858156,0,0,0,0.0121951219512,0,0.010989010989,0,0,0,0.0172413793103,0,0,0,0,0,0,0,0,0,0,0,0,0,0,0,0,0,0,0,0.0116279069767,0,0,0,0,0,0,0,0,0,0.0113636363636,0,0,0,0,0,0,0,0,0,0,NA,NA,NA,NA,NA,"reverse","p1",12250,15750,3500,"Ts",-0.11565317531026
"GGT","GGG",420328,"cyoB","A->C","synonymous",0,0,0.0227272727273,0,0,0.0149253731343,0,0,0,0,0,0,0,0,0,0,0,0,0,0,0,0,0,0.0117647058824,0,0.00729927007299,0,0,0,0,0,0,0,0,0,0,0,0,0,0,0,0,0,0,0,0,0,0,0,0,0,0,0,0,0,0,0,0,0,0,0,0,0,0,0,0,0,0.0123456790123,0.104895104895,0.0215053763441,0.266666666667,0.463768115942,0.560606060606,0.47619047619,0.676470588235,0.686274509804,0.838709677419,0.898305084746,0.87037037037,0.975308641975,0.973684210526,0.964705882353,0.944444444444,1,1,1,1,0,1,1,1,1,1,1,1,1,0.971428571429,1,1,1,0,0.981818181818,0.991596638655,1,1,1,1,1,1,1,1,0.991452991453,1,1,0.992366412214,1,0.98,0.954545454545,1,1,1,NA,"reverse","p4",33750,39250,5500,"Tv",-0.935865770694615
"GGT","GGG",3727546,"yibO","T->G","synonymous",0,0,0,0,0,0,0,0,0,0,0,0,0,0,0,0,0,0,0,0,0,0,0.012987012987,0,0,0,0,0,0,0,0,0,0,0,0,0,0,0.130434782609,0.666666666667,0.433333333333,0.175438596491,0.148936170213,0.0243902439024,0,0.0119047619048,0,0,0,0,0,0,0,0,0,0,0,0,0,0,0,0,0,0,0,0.0111111111111,0,0,0,0,0.0135135135135,0,0,0,0,0,0,0,0,0,0,0,0,0,0,0,0,0,0,0,0,0,0,0,0,0,0,0,0,0,0,0,0,0,0,0,0,0,0,0,0,0,0,0,0,NA,NA,NA,NA,NA,NA,NA,NA,"forward","p5",19250,21750,2500,"Tv",-0.935865770694615
"GGT","GGG",2056010,"cpsG","A->C","synonymous",0,0,0,0,0,0,0,0,0,0,0,0,0,0,0,0,0,0,0,0,0,0,0,0,0,0,0,0,0,0,0.545454545455,0.928571428571,0.695652173913,0.75,0.923076923077,0.928571428571,0.636363636364,0,0.2,0.777777777778,0.384615384615,0,0.692307692308,1,0.857142857143,0.916666666667,0.8,1,0.769230769231,0.428571428571,0.916666666667,0.880952380952,1,0.909090909091,0,0.761904761905,0.714285714286,0.689655172414,0.714285714286,0.333333333333,0.714285714286,0.666666666667,0,0.854166666667,0,0.526315789474,0,0.75,0.529411764706,0.444444444444,0.555555555556,0.545454545455,0.833333333333,0.375,0.166666666667,0.4375,0.173913043478,0.388888888889,0.529411764706,0.228571428571,0.177777777778,0.64,1,0.611111111111,0.454545454545,0.523076923077,1,0.519230769231,0.1,0.421052631579,0.529411764706,0.727272727273,0.764705882353,0.416666666667,0,0.833333333333,1,0.684210526316,0.95,0.84,0.8,0.947368421053,1,1,0.818181818182,0.921052631579,0.782608695652,0.942857142857,1,0.8125,1,0.961538461538,0,0.904761904762,0.875,0.766666666667,0.666666666667,0.774193548387,0.916666666667,0.875,0.851851851852,0.862068965517,"reverse","m5",14750,48750,34000,"Tv",-0.935865770694615
"GTC","GTT",1499580,"ECB_01413","C->T","synonymous",0,0,0,0.142857142857,0.0566037735849,0,0.396694214876,0.663157894737,0.251748251748,0.491228070175,0.129032258065,0.0763888888889,0.213793103448,0.131736526946,0.0393700787402,0.058064516129,0.0714285714286,0.171428571429,0.109195402299,0.0641025641026,0.135135135135,0.0845070422535,0.256756756757,0.0375,0.0266666666667,0.00751879699248,0.175,0.0327868852459,0.0458015267176,0.0652173913043,0.0583941605839,0.043795620438,0,0,0,0,0,0,0,0,0,0,0,0,0,0,0,0,0,0,0,0,0,0,0,0,0,0,0,0,0,0,0,0,0,0,0,0,0,0,0,0,0,0,0,0,0,0,0,0,0,0,0,0,0,0,0,0,0,0,0,0,0,0,0,0,0,0,0,0,0,0,0,0,0,0,0,0,0,0,0,0,0,0,0,0,0,0,0,0,0,NA,"forward","p4",1250,15750,14500,"Ts",0.382267888721197
"GTC","GTT",332751,"cynX","C->T","synonymous",0,0,0,0.01,0,0,0,0,0,0,0,0,0,0,0,0,0,0,0,0,0,0,0.0169491525424,0,0,0.0116279069767,0,0,0,0,0,0,0,0,0,0,0,0,0,0.0153846153846,0,0,0,0.00909090909091,0,0,0,0,0,0,0,0,0,0,0,0,0,0,0,0,0,0,0,0,0,0,0.0232558139535,0,0,0,0,0,0,0,0.0185185185185,0.12676056338,0.297872340426,0,0,0.0892857142857,0.025974025974,0,0,0,0,0,0,0,0,0.0224719101124,0,0,0,0,0,0,0,0,0,0,0,0,0,0,0,0,0,0,0,0,0,0,0,0,0,0,0,NA,NA,NA,NA,NA,"forward","p1",38750,41750,3000,"Ts",0.382267888721197
"GTG","GTA",1758556,"ydiR","G->A","synonymous",0,0,0,0,0,0,0,0,0,0,0,0,0,0,0,0,0,0,0,0,0,0,0,0,0,0,0,0,0,0,0,0,0,0,0,0,0,0,0,0,0,0,0,0,0,0,0,0,0,0,0,0,0,0,0,0,0,0,0,0,0,0,0,0,0,0,0,0.0120481927711,0,0,0.0454545454545,0,0,0,0,0,0,0,0,0,0,0,0,0,0,0,0,0,0,0,0,0,0,0,0,0,0,0,0,0,0.0147058823529,0.0425531914894,0.031746031746,0.0434782608696,0.121212121212,0,0.131147540984,0.260869565217,0.342857142857,0.56,0.45,0.210526315789,0.276595744681,0.189655172414,NA,NA,NA,NA,NA,NA,NA,NA,"forward","p5",51250,NA,6500,"Ts",-0.0648836290668398
"GTG","GTA",1878923,"yoaE","C->T","synonymous",0,0.0112359550562,0,0,0,0,0,0,0.0357142857143,0,0,0,0,0,0,0.00869565217391,0,0,0,0,0,0,0,0,0,0,0,0,0,0,0,0,0.157894736842,0.08,0.133333333333,0.0344827586207,0,0,0,0,0,0.0204081632653,0,0,0,0,0,0,0,0,0,0,0,0,0,0,0,0,0,0,0,0,0,0,0,0,0,0,0.015625,0,0,0.0392156862745,0,0.0263157894737,0,0,0,0,0,0,0,0,0,0,0,0,0.125,0,0,0,0,0,0,0,0,0,0,0,0,0,0,0,0,0,0,0,0,0,0,0,0,0,0.0196078431373,0,0,0,0,0,0,0,0,NA,"reverse","p4",15750,17750,2000,"Ts",-0.0648836290668398
"GTG","GTT",1091912,"putA","C->A","synonymous",0,0,0,0,0,0,0,0,0,0,0,0,0,0,0,0,0,0,0,0,0,0,0,0,0,0.0333333333333,0,0,0,0,0,0,0,0,0,0,0,0,0,0,0,0,0,0,0,0,0.0144927536232,0,0,0,0,0,0,0,0,0,0,0,0.147058823529,0.0909090909091,0.0975609756098,0.0566037735849,0,0,0,0,0,0,0,0,0,0,0,0,0,0,0,0,0,0,0,0,0,0,0,0,0.015873015873,0,0,0,0,0,0,0,0,0,0,0,0,0,0,0,0,0,0,0,0,0,0,0.025641025641,0,0,0,0,NA,NA,NA,NA,NA,NA,NA,NA,"reverse","p5",29750,31750,2000,"Tv",0.191758891311087
"GTG","GTT",1198086,"potD","C->A","synonymous",0,0,0,0,0,0.00606060606061,0,0.0181818181818,0,0,0,0,0,0,0,0,0,0,0,0,0,0,0,0,0,0,0,0,0,0,0,0,0,0,0,0,0,0,0.0645161290323,0.0238095238095,0.226086956522,0.211267605634,0.0746268656716,0.0625,0.0185185185185,0.2,0.0657894736842,0.0526315789474,0.093023255814,0,0.015873015873,0.027397260274,0,0.0153846153846,0.0113636363636,0.0120481927711,0.00869565217391,0.0120481927711,0,0,0,0,0,0,0,0,0,0,0,0,0,0,0,0,0,0,0,0,0,0.00934579439252,0.00961538461538,0,0,0.015625,0,0,0,0,0,0,0,0,0,0,0,0,0,0,0,0,0.0077519379845,0,0,0,0,0,0,0,0.00862068965517,0,0,0,0,0,0,0,0,NA,NA,NA,NA,NA,"reverse","p1",20250,25750,5500,"Tv",0.191758891311087
"GTT","GTG",1808045,"astC","A->C","synonymous",0,0,0,0,0,0,0,0,0,0,0,0,0,0,0,0,0,0,0,0,0,0,0,0,0,0,0,0,0,0,0,0,0,0,0,0,0,0,0,0,0,0,0,0,0,0,0,0,0,0,0,0,0,0,0,0,0,0,0,0,0,0.0322580645161,0,0.125,0.117647058824,0.125,0.285714285714,0.5,0.4375,0.807692307692,0.92,0.153846153846,0.025,0.24,0.166666666667,0.08,0,0.105263157895,0,0,0.0434782608696,0,0,0,0,0,0,0,0,0.1,0,0,0.0625,0,0,0,0,0,0,0,0,0,0,0,0,0,0,0,0,0,0,0,0,0,0,0,0,0,0,0,0,NA,"reverse","p2",31250,37750,6500,"Tv",-0.191758891311087
"TAC","TAT",1159208,"ECB_01081","C->T","synonymous",0,0,0,0,0,0,0,0,0,0,0,0,0,0,0,0,0,0,0,0,0,0,0,0,0,0,0,0,0,0,0,0,0,0,0,0,0,0,0,0.22972972973,0.620689655172,0.810810810811,0.766666666667,0.375,0.543859649123,0.361111111111,0.129032258065,0.0178571428571,0,0,0,0,0,0,0,0,0,0,0,0,0,0,0,0,0,0,0,0,0,0,0,0,0,0,0,0,0,0,0,0,0,0,0,0,0,0.00529100529101,0,0,0,0,0,0,0,0,0,0,0,0,0,0,0,0,0,0,0,0,0,0.00909090909091,0,0,0,0,0,0,0,0,0,0,0,0,0,0,"forward","m5",19250,23250,4000,"Ts",-0.174967598708525
"TCA","TCT",3279589,"yhbG","A->T","synonymous",0,0,0,0,0,0,0.00473933649289,0,0,0,0,0,0,0,0,0,0,0,0,0,0,0,0,0,0,0,0,0,0,0,0,0,0,0,0,0,0,0,0,0,0,0,0,0,0,0,0,0,0,0,0,0,0,0,0,0,0,0.0121951219512,0,0.0731707317073,0.109090909091,0.4375,0.0909090909091,0.0760869565217,0.272727272727,0.276595744681,0,0.0869565217391,0.0588235294118,0.576923076923,0,0,0,0,0,0,0,0,0,0,0,0,0,0,0,0,0,0,0,0,0,0,0,0,0,0,0,0,0,0,0,0,0,0,0,0,0,0,0,0,0,0,0,0,0,0,0,0,0,0,0,0,"forward","m5",29250,34750,5500,"Tv",0.604577647549209
"TCG","TCA",2918131,"ygfU","G->A","synonymous",0,0,0,0,0,0,0,0,0,0,0,0,0,0,0,0,0,0,0,0,0,0,0,0,0,0,0,0,0,0,0,0,0,0,0,0,0,0,0,0,0,0,0,0,0,0,0,0,0,0,0,0,0,0,0,0,0,0,0,0,0,0,0,0,0,0,0,0,0,0,0,0,0,0,0,0,0,0,0,0,0,0,0,0,0,0,0,0,0,0,0,0,0,0,0,0,0,0,0,0,0,0.0229885057471,0,0,0,0,0,0,0,0,0,0,0,0,0,0,0,0,0,0.016393442623,0.115384615385,NA,"forward","p2",60250,NA,500,"Ts",0.010219165181686
"TCT","TCG",3409316,"yheS","T->G","synonymous",0,0,0,0,0.0208333333333,0,0,0,0,0,0,0.2,0.636363636364,0.777777777778,1,0.8,0.875,0.941176470588,0.979591836735,0.916666666667,1,1,1,1,1,1,1,1,1,1,1,1,1,1,1,1,1,1,1,0.978723404255,1,1,1,1,1,1,1,1,1,1,1,1,1,1,1,1,1,1,1,1,1,1,1,1,0.983606557377,1,1,1,1,1,0.98,1,1,1,1,1,1,1,1,1,1,1,0.979166666667,1,1,1,1,1,1,1,0.981818181818,1,0.978723404255,1,1,1,1,0.970588235294,1,1,1,1,1,1,1,1,1,1,1,1,1,1,1,1,0,1,1,NA,NA,NA,NA,NA,"forward","p1",5750,11250,5500,"Tv",-0.614796812730895
"TTA","CTA",2056051,"cpsG","A->G","synonymous",0,0,0,0,0,0,0,0,0,0,0,0,0,0,0,0,0,0,0,0,0,0,0,0,0,0,0,0,0,0.0909090909091,0.826086956522,1,0.722222222222,0.894736842105,0.964285714286,0.916666666667,0.808510638298,1,0.6,0.827586206897,0.625,0.818181818182,0.808988764045,1,1,0.933333333333,0.9375,0.967741935484,0.823529411765,0.866666666667,0.888888888889,0.967391304348,0.979591836735,0.971428571429,0.888888888889,0.918918918919,0.911111111111,0.822222222222,0.84,0.6,0.95652173913,0.888888888889,1,0.932038834951,0.555555555556,0.709677419355,0.4,0.916666666667,0.86,0.8,0.818181818182,0.764705882353,0.809523809524,0.75,0.538461538462,0.568181818182,0.571428571429,0.695652173913,0.777777777778,0.475,0.358974358974,0.8,1,0.803571428571,0.652173913043,0.67816091954,1,0.666666666667,0.28,0.565217391304,0.673267326733,0.823529411765,0.972972972973,0.766666666667,0.6,0.961538461538,1,0.8,0.972222222222,0.958333333333,0.909090909091,0.979591836735,1,1,0.969696969697,0.984375,0.951219512195,0.942307692308,1,0.96,1,1,0.923076923077,0.951219512195,0.958333333333,0.927272727273,0.829268292683,0.946428571429,0.972222222222,0.949152542373,0.950819672131,0.931034482759,"reverse","m5",14250,47250,33000,"Ts",-0.882239848018823
"TTC","TTT",1631908,"rspA","G->A","synonymous",0,0,0,0,0,0,0,0,0,0,0,0,0.0119047619048,0,0.0125,0,0,0,0,0,0,0,0,0,0.0212765957447,0,0,0,0.00934579439252,0,0,0,0,0,0,0,0,0,0,0,0.0151515151515,0,0,0,0.0103092783505,0,0,0,0,0,0,0,0,0,0,0,0,0,0,0,0,0,0,0,0,0,0,0,0,0,0,0,0,0,0,0,0,0,0,0,0,0,0,0,0,0,0,0,0,0,0,0.111111111111,0.263157894737,0.285714285714,0.0454545454545,0,0.291139240506,0.130434782609,0,0.142857142857,0,0.0714285714286,0.152941176471,0.153846153846,0.0387596899225,0,0,0,0,0,0,0,0,0,0.0112359550562,0,0,0,0.01,0,0,NA,"reverse","p4",45250,52250,7000,"Ts",-0.287241711178348
