"ref","mut","freq","Avg","Sd"
"ACA","ACC",13181,0.6591,0.6279
"ACA","ACT",12969,0.6485,0.6091
"ACC","ACA",44727,2.2364,1.3311
"ACC","ACG",44529,2.2265,1.3372
"ACG","ACC",27363,1.3682,0.983
"ACG","ACT",27374,1.3687,0.9801
"ACT","ACA",17068,0.8534,0.7317
"ACT","ACG",17298,0.8649,0.7305
"AGA","CGA",3430,0.1715,0.2851
"AGG","CGG",1981,0.0991,0.2292
"ATA","ATC",7907,0.3954,0.4686
"ATA","ATT",8032,0.4016,0.4748
"ATC","ATA",48177,2.4089,1.4041
"ATT","ATA",58520,2.926,1.583
"CCA","CCC",16275,0.8138,0.7101
"CCA","CCT",16046,0.8023,0.7027
"CCC","CCA",10247,0.5124,0.5424
"CCC","CCG",10266,0.5133,0.5413
"CCG","CCC",44989,2.2495,1.3369
"CCG","CCT",44636,2.2318,1.34
"CCT","CCA",13186,0.6593,0.6405
"CCT","CCG",13238,0.6619,0.6195
"CGA","AGA",6483,0.3242,0.4229
"CGA","CGC",6507,0.3254,0.4227
"CGA","CGT",6530,0.3265,0.4351
"CGC","CGA",41991,2.0996,1.2826
"CGC","CGG",42029,2.1015,1.294
"CGG","AGG",9477,0.4739,0.5285
"CGG","CGC",9502,0.4751,0.521
"CGG","CGT",9819,0.491,0.5396
"CGT","CGA",40211,2.0106,1.2476
"CGT","CGG",40032,2.0016,1.2502
"CTA","CTC",7169,0.3585,0.4245
"CTA","CTT",7380,0.369,0.4446
"CTC","CTA",21227,1.0614,0.8462
"CTC","CTG",21242,1.0621,0.8308
"CTG","CTC",101484,5.0742,2.1597
"CTG","CTT",101408,5.0704,2.1695
"CTT","CTA",21010,1.0505,0.8408
"CTT","CTG",20997,1.0499,0.8406
"GCA","GCC",38834,1.9417,1.229
"GCA","GCT",38549,1.9275,1.2055
"GCC","GCA",48921,2.4461,1.4279
"GCC","GCG",49034,2.4517,1.4096
"GCG","GCC",64808,3.2404,1.6849
"GCG","GCT",65421,3.2711,1.6757
"GCT","GCA",28976,1.4488,1.012
"GCT","GCG",29270,1.4635,1.0275
"GGA","GGC",15239,0.762,0.6802
"GGA","GGT",15172,0.7586,0.6876
"GGC","GGA",57223,2.8612,1.5566
"GGC","GGG",56955,2.8478,1.5551
"GGG","GGC",20899,1.045,0.8365
"GGG","GGT",20867,1.0434,0.8171
"GGT","GGA",47864,2.3932,1.4063
"GGT","GGG",48170,2.4085,1.4103
"GTA","GTC",21087,1.0544,0.8433
"GTA","GTT",20989,1.0495,0.8223
"GTC","GTA",29383,1.4692,1.0336
"GTC","GTG",28828,1.4414,1.0056
"GTG","GTC",50654,2.5327,1.4678
"GTG","GTT",50581,2.5291,1.4412
"GTT","GTA",35231,1.7616,1.1473
"GTT","GTG",35166,1.7583,1.1403
"TCA","TCC",13143,0.6572,0.6181
"TCA","TCT",13359,0.668,0.6223
"TCC","TCA",16589,0.8295,0.7219
"TCC","TCG",16509,0.8255,0.7293
"TCG","TCC",17052,0.8526,0.731
"TCG","TCT",17007,0.8504,0.7326
"TCT","TCA",16042,0.8021,0.7173
"TCT","TCG",16241,0.8121,0.7092
